Make,,,,,,,,,,,,,,,,,,,,,,,,,,,,,,,,,,,,,,,,,,,,,,,,,,,,,,,,,,,,,,,,,,,,,,,,,,,,,,,,,,,,,,,,,,,,,,,,,,,,,,,,,,,,,,,,,,,,,,,,,,,,,,,,,,,,,,,,,,,,,,,,,,,,,,,,,,
Checked?,x,,,,,,x,,,,,,,,x,,,,,x,,,,,X,,,,,,X,,,X,,,,X,,,X,,,,X,,,X,,,,X,,,X,,,,X,,,X,,,,X,,,X,,,,X,,,X,,,,X,,,X,,,,X,,,x,,,,X,,,X,,,,X,,,X,,,,X,,,X,,,,X,,,X,,,,X,,,X,,,,,,,X,,,,,,X,,,,,,,,,,,,,,,,
Date:,16-Apr-22,17-Apr-22,18-Apr-22,19-Apr-22,20-Apr-22,21-Apr-22,22-Apr-22,23-Apr-22,24-Apr-22,25-Apr-22,26-Apr-22,27-Apr-22,28-Apr-22,29-Apr-22,30-Apr-22,01-May-22,02-May-22,03-May-22,04-May-22,05-May-22,06-May-22,07-May-22,08-May-22,09-May-22,10-May-22,11-May-22,12-May-22,13-May-22,14-May-22,15-May-22,16-May-22,17-May-22,18-May-22,19-May-22,20-May-22,21-May-22,22-May-22,23-May-22,24-May-22,25-May-22,26-May-22,27-May-22,28-May-22,29-May-22,30-May-22,31-May-22,01-Jun-22,02-Jun-22,03-Jun-22,04-Jun-22,05-Jun-22,06-Jun-22,07-Jun-22,08-Jun-22,09-Jun-22,10-Jun-22,11-Jun-22,12-Jun-22,13-Jun-22,14-Jun-22,15-Jun-22,16-Jun-22,17-Jun-22,18-Jun-22,19-Jun-22,20-Jun-22,21-Jun-22,22-Jun-22,23-Jun-22,24-Jun-22,25-Jun-22,26-Jun-22,27-Jun-22,28-Jun-22,29-Jun-22,30-Jun-22,01-Jul-22,02-Jul-22,03-Jul-22,04-Jul-22,05-Jul-22,06-Jul-22,07-Jul-22,08-Jul-22,09-Jul-22,10-Jul-22,11-Jul-22,12-Jul-22,13-Jul-22,14-Jul-22,15-Jul-22,16-Jul-22,17-Jul-22,18-Jul-22,19-Jul-22,20-Jul-22,21-Jul-22,22-Jul-22,23-Jul-22,24-Jul-22,25-Jul-22,26-Jul-22,27-Jul-22,28-Jul-22,29-Jul-22,30-Jul-22,31-Jul-22,01-Aug-22,02-Aug-22,03-Aug-22,04-Aug-22,05-Aug-22,06-Aug-22,07-Aug-22,08-Aug-22,09-Aug-22,10-Aug-22,11-Aug-22,12-Aug-22,13-Aug-22,14-Aug-22,15-Aug-22,16-Aug-22,17-Aug-22,18-Aug-22,19-Aug-22,20-Aug-22,21-Aug-22,22-Aug-22,23-Aug-22,24-Aug-22,25-Aug-22,26-Aug-22,27-Aug-22,28-Aug-22,29-Aug-22,30-Aug-22,31-Aug-22,01-Sep-22,02-Sep-22,03-Sep-22,04-Sep-22,05-Sep-22,06-Sep-22,07-Sep-22,08-Sep-22,09-Sep-22,10-Sep-22,11-Sep-22,12-Sep-22,13-Sep-22,14-Sep-22,15-Sep-22,16-Sep-22
Nest #,,,,,,,,,,,,,,,,,,,,,,,,,,,,,,,,,,,,,,,,,,,,,,,,,,,,,,,,,,,,,,,,,,,,,,,,,,,,,,,,,,,,,,,,,,,,,,,,,,,,,,,,,,,,,,,,,,,,,,,,,,,,,,,,,,,,,,,,,,,,,,,,,,,,,,,,,,
1,fell,,,,,,fell,,,,,,,,fell,,,,,FELL,,,,,FELL,,,,,,FELL,,,FELL,,,,FELL,,,FELL,,,,FELL,,,FELL,,,,FELL,,,FELL,,,,FELL,,,FELL,,,,FELL,,,FELL,,,,FELL,,,FELL,,,,FELL,,,FELL,,,,FELL,,,FELL,,,,FELL,,,FELL,,,,FELL,,,FELL,,,,FELL,,,FELL,,,,FELL,,,FELL,,,,FELL,,,FELL,,,,,,,FELL,,,,,,FELL,,,,,,,,,,,,,,,,
2,fell,,,,,,fell,,,,,,,,fell,,,,,FELL,,,,,FELL,,,,,,FELL,,,FELL,,,,FELL,,,FELL,,,,FELL,,,FELL,,,,FELL,,,FELL,,,,FELL,,,FELL,,,,FELL,,,FELL,,,,FELL,,,FELL,,,,FELL,,,FELL,,,,FELL,,,FELL,,,,FELL,,,FELL,,,,FELL,,,FELL,,,,FELL,,,FELL,,,,FELL,,,FELL,,,,FELL,,,FELL,,,,,,,FELL,,,,,,FELL,,,,,,,,,,,,,,,,
3,fell,,,,,,fell,,,,,,,,fell,,,,,FELL,,,,,FELL,,,,,,FELL,,,FELL,,,,FELL,,,FELL,,,,FELL,,,FELL,,,,FELL,,,FELL,,,,FELL,,,FELL,,,,FELL,,,FELL,,,,FELL,,,FELL,,,,FELL,,,FELL,,,,FELL,,,FELL,,,,FELL,,,FELL,,,,FELL,,,FELL,,,,FELL,,,FELL,,,,FELL,,,FELL,,,,FELL,,,FELL,,,,,,,FELL,,,,,,FELL,,,,,,,,,,,,,,,,
4,fell,,,,,,fell,,,,,,,,fell,,,,,FELL,,,,,FELL,,,,,,FELL,,,FELL,,,,FELL,,,FELL,,,,FELL,,,FELL,,,,FELL,,,FELL,,,,FELL,,,FELL,,,,FELL,,,FELL,,,,FELL,,,FELL,,,,FELL,,,FELL,,,,FELL,,,FELL,,,,FELL,,,FELL,,,,FELL,,,FELL,,,,FELL,,,FELL,,,,FELL,,,FELL,,,,FELL,,,FELL,,,,,,,FELL,,,,,,FELL,,,,,,,,,,,,,,,,
5,fell,,,,,,fell,,,,,,,,fell,,,,,FELL,,,,,FELL,,,,,,FELL,,,FELL,,,,FELL,,,FELL,,,,FELL,,,FELL,,,,FELL,,,FELL,,,,FELL,,,FELL,,,,FELL,,,FELL,,,,FELL,,,FELL,,,,FELL,,,FELL,,,,FELL,,,FELL,,,,FELL,,,FELL,,,,FELL,,,FELL,,,,FELL,,,FELL,,,,FELL,,,FELL,,,,FELL,,,FELL,,,,,,,FELL,,,,,,FELL,,,,,,,,,,,,,,,,
6,fell,,,,,,fell,,,,,,,,fell,,,,,FELL,,,,,FELL,,,,,,FELL,,,FELL,,,,FELL,,,FELL,,,,FELL,,,FELL,,,,FELL,,,FELL,,,,FELL,,,FELL,,,,FELL,,,FELL,,,,FELL,,,FELL,,,,FELL,,,FELL,,,,FELL,,,FELL,,,,FELL,,,FELL,,,,FELL,,,FELL,,,,FELL,,,FELL,,,,FELL,,,FELL,,,,FELL,,,FELL,,,,,,,FELL,,,,,,FELL,,,,,,,,,,,,,,,,
7,fell,,,,,,fell,,,,,,,,fell,,,,,FELL,,,,,FELL,,,,,,FELL,,,FELL,,,,FELL,,,FELL,,,,FELL,,,FELL,,,,FELL,,,FELL,,,,FELL,,,FELL,,,,FELL,,,FELL,,,,FELL,,,FELL,,,,FELL,,,FELL,,,,FELL,,,FELL,,,,FELL,,,FELL,,,,FELL,,,FELL,,,,FELL,,,FELL,,,,FELL,,,FELL,,,,FELL,,,FELL,,,,,,,FELL,,,,,,FELL,,,,,,,,,,,,,,,,
8,oldFNE,,,,,,oldFNE,,,,,,,,oldFNE,,,,,oldFNE,,,,,NFNE,,,,,,NFNE,,,NFNE,,,,oldFNE,,,oldFNE,,,,FNE,CI,,3E,,,,4E,,,4E,,,,4E,,,EHD,EHD,EHD,CH,3N1E,,,4N,,,,4N,,,4N,12,2N,,>= 1N,,,>= 2N,,,,X,,,FNE,,CI,,3E,,,5E,,,,5E,,,5E,,,,5E,EHD,EHD,EHD,EHD,EHD,EHD,EHD,EHD,EHD,X,,,,5E,,,5E,,,,,,,oldFNE,,,,,,oldFNE,,,,,,,,,,,,,,,,
9,NFNE,,,,,,NFNE,,,,,,,,NFNE,,,,,NFNE,,,,,NFNE,,,,,,NFNE,,,NFNE,,,,NFNE,,,NFNE,,,,NFNE,,,NFNE,,,,NFNE,,,NFNE,,,,NFNE,,,NFNE,,,,NFNE,,,NFNE,,,,NFNE,,,NFNE,,,,NFNE,,,NFNE,,,,NFNE,,,NFNE,,,,NFNE,,,NFNE,,,,NFNE,,,NFNE,,,,NFNE,,,NFNE,,,,NFNE,,,NFNE,,,,NFNE,,,NFNE,,,,,,,NFNE,,,,,,NFNE,,,,,,,,,,,,,,,,
10,NFNE,,,,,,NFNE,,,,,,,,NFNE,,,,,NFNE,,,,,NFNE,,,,,,NFNE,,,NFNE,,,,NFNE,,,NFNE,,,,NFNE,,,NFNE,,,,NFNE,,,NFNE,,,,NFNE,,,NFNE,,,,NFNE,,,NFNE,,,,NFNE,,,NFNE,,,,NFNE,,,NFNE,,,,NFNE,,,NFNE,,,,NFNE,,,NFNE,,,,NFNE,,,NFNE,,,,NFNE,,,NFNE,,,,NFNE,,,NFNE,,,,NFNE,,,NFNE,,,,,,,NFNE,,,,,,NFNE,,,,,,,,,,,,,,,,
11,fell,,,,,,fell,,,,,,,,fell,,,,,FELL,,,,,FELL,,,,,,FELL,,,FELL,,,,FELL,,,FELL,,,,FELL,,,FELL,,,,FELL,,,FELL,,,,FELL,,,FELL,,,,FELL,,,FELL,,,,FELL,,,FELL,,,,FELL,,,FELL,,,,FELL,,,FELL,,,,FELL,,,FELL,,,,FELL,,,FELL,,,,FELL,,,FELL,,,,FELL,,,FELL,,,,FELL,,,FELL,,,,,,,FELL,,,,,,FELL,,,,,,,,,,,,,,,,
12,fell,,,,,,fell,,,,,,,,fell,,,,,FELL,,,,,FELL,,,,,,FELL,,,FELL,,,,FELL,,,FELL,,,,FELL,,,FELL,,,,FELL,,,FELL,,,,FELL,,,FELL,,,,FELL,,,FELL,,,,FELL,,,FELL,,,,FELL,,,FELL,,,,FELL,,,FELL,,,,FELL,,,FELL,,,,FELL,,,FELL,,,,FELL,,,FELL,,,,FELL,,,FELL,,,,FELL,,,FELL,,,,,,,FELL,,,,,,FELL,,,,,,,,,,,,,,,,
13,NFNE,,,,,,NFNE,,,,,,,,NFNE,,,,,NFNE,,,,,NFNE,,,,,,NFNE,,,NFNE,,,,NFNE,,,NFNE,,,,NFNE,,,NFNE,,,,NFNE,,,NFNE,,NFNE,,FNE,CI,,3E,,,,5E,,,5E,,,,5E,,,5E,EHD,CH,,3N1E,,,3N1E,,,,3N,,,12,,,,>=2N,,,>=1N,,,,X,,,oldFNE,,,,oldFNE,,,oldFNE,,,,oldFNE,,,oldFNE,,,,oldFNE,,,oldFNE,,,,,,,oldFNE,,,,,,oldFNE,,,,,,,,,,,,,,,,
14,oldFNE,,,,,,oldFNE,,,,,,,,oldFNE,,,,,FNE,,,,,oldFNE,,,,,,oldFNE,,,FNE,,,,FNE,,,FNE,,CI,,3E,,,5E,,,,5E,,,5E,,,,4E,EHD,EHD,CH,,,,4N,,,4N,,,,4N,12,,>=3N,,,,>=3N,,,4N,,,,x,,,oldFNE,,,,oldFNE,,,oldFNE,,,,oldFNE,,,oldFNE,,,,oldFNE,,,oldFNE,,,,oldFNE,,,oldFNE,,,,oldFNE,,,oldFNE,,,,,,,oldFNE,,,,,,oldFNE,,,,,,,,,,,,,,,,
15,fell,,,,,,fell,,,,,,,,fell,,,,,FELL,,,,,FELL,,,,,,FELL,,,FELL,,,,FELL,,,FELL,,,,FELL,,,FELL,,,,FELL,,,FELL,,,,FELL,,,FELL,,,,FELL,,,FELL,,,,FELL,,,FELL,,,,FELL,,,FELL,,,,FELL,,,FELL,,,,FELL,,,FELL,,,,FELL,,,FELL ,,,,FELL,,,FELL,,,,FELL,,,FELL,,,,FELL,,,FELL,,,,,,,FELL,,,,,,FELL,,,,,,,,,,,,,,,,
16,fell,,,,,,fell,,,,,,,,fell,,,,,FELL,,,,,FELL,,,,,,FELL,,,FELL,,,,FELL,,,FELL,,,,FELL,,,FELL,,,,FELL,,,FELL,,,,FELL,,,FELL,,,,FELL,,,FELL,,,,FELL,,,FELL,,,,FELL,,,FELL,,,,FELL,,,FELL,,,,FELL,,,FELL,,,,FELL,,,FELL,,,,FELL,,,FELL,,,,FELL,,,FELL,,,,FELL,,,FELL,,,,,,,FELL,,,,,,FELL,,,,,,,,,,,,,,,,
17,oldFNE,,,,,,oldFNE,,,,,,,,oldFNE,,,,,oldFNE,,,,,FNE,,,,,,oldFNE,,,oldFNE,,,,oldFNE,,,NFNE,,,,NFNE,,,NFNE,,,,NFNE,,,NFNE,,,,NFNE,,,NFNE,,,,NFNE,,,NFNE,,,,NFNE,,,NFNE,,,,NFNE,,,NFNE,,,,NFNE,,,NFNE,,,,NFNE,,,NFNE,,,,NFNE,,,NFNE,,,,NFNE,,,NFNE,,,,NFNE,,,NFNE,,,,NFNE,,,NFNE,,,,,,,NFNE,,,,,,NFNE,,,,,,,,,,,,,,,,
18,oldFNE,,,,,,oldFNE,,,,,,,,oldFNE,,,,,oldFNE,,,,,oldFNE,,,,,,oldFNE,,,FNE,,,,oldFNE,,,oldFNE,,,,oldFNE,,,oldFNE,,,,oldFNE,,,oldFNE,,,,oldFNE,,,oldFNE,,,,oldFNE,,,oldFNE,,,,oldFNE,,,oldFNE,,,,oldFNE,,,NFNE,,,,oldFNE,,,oldFNE,,,,oldFNE,,,oldFNE,,,,oldFNE,,,oldFNE,,,,oldFNE,,,NFNE,,,,oldFNE,,,oldFNE,,,,oldFNE,,,oldFNE,,,,,,,oldFNE,,,,,,oldFNE,,,,,,,,,,,,,,,,
19,fell,,,,,,fell,,,,,,,,fell,,,,,FELL,,,,,FELL,,,,,,FELL,,,FELL,,,,FELL,,,FELL,,,,FELL,,,FELL,,,,FELL,,,FELL,,,,FELL,,,FELL,,,,FELL,,,FELL,,,,FELL,,,FELL,,,,FELL,,,FELL,,,,FELL,,,FELL,,,,FELL,,,FELL,,,,FELL,,,FELL,,,,FELL,,,FELL,,,,FELL,,,FELL,,,,FELL,,,FELL,,,,,,,FELL,,,,,,FELL,,,,,,,,,,,,,,,,
20,oldFNE,,,,,,oldFNE,,,,,,,,oldFNE,,,,,oldFNE,,,,,oldFNE,,,,,,oldFNE,,,oldFNE,,,,oldFNE,,,oldFNE,,,,oldFNE,,,oldFNE,,,,oldFNE,,,oldFNE,,,,oldFNE,,,oldFNE,,,,oldFNE,,,oldFNE,,,,oldFNE,,,oldFNE,,,,oldFNE,,,oldFNE,,,,oldFNE,,,oldFNE,,,,oldFNE,,,oldFNE,,,,oldFNE,,,oldFNE,,,,oldFNE,,,oldFNE,,,,oldFNE,,,oldFNE,,,,oldFNE,,,oldFNE,,,,,,,oldFNE,,,,,,oldFNE,,,,,,,,,,,,,,,,
21,fell,,,,,,fell,,,,,,,,fell,,,,,FELL,,,,,FELL,,,,,,FELL,,,FELL,,,,FELL,,,FELL,,,,FELL,,,FELL,,,,FELL,,,FELL,,,,FELL,,,FELL,,,,FELL,,,FELL,,,,FELL,,,FELL,,,,FELL,,,FELL,,,,FELL,,,FELL,,,,FELL,,,FELL,,,,FELL,,,FELL,,,,FELL,,,FELL,,,,FELL,,,FELL,,,,FELL,,,FELL,,,,,,,FELL,,,,,,FELL,,,,,,,,,,,,,,,,
22,fell,,,,,,fell,,,,,,,,fell,,,,,FELL,,,,,FELL,,,,,,FELL,,,FELL,,,,FELL,,,FELL,,,,FELL,,,FELL,,,,FELL,,,FELL,,,,FELL,,,FELL,,,,FELL,,,FELL,,,,FELL,,,FELL,,,,FELL,,,FELL,,,,FELL,,,FELL,,,,FELL,,,FELL,,,,FELL,,,FELL,,,,FELL,,,FELL,,,,FELL,,,FELL,,,,FELL,,,FELL,,,,,,,FELL,,,,,,FELL,,,,,,,,,,,,,,,,
23,fell,,,,,,fell,,,,,,,,fell,,,,,FELL,,,,,FELL,,,,,,FELL,,,FELL,,,,FELL,,,FELL,,,,FELL,,,FELL,,,,FELL,,,FELL,,,,FELL,,,FELL,,,,FELL,,,FELL,,,,FELL,,,FELL,,,,FELL,,,FELL,,,,FELL,,,FELL,,,,FELL,,,FELL,,,,FELL,,,FELL,,,,FELL,,,FELL,,,,FELL,,,FELL,,,,FELL,,,FELL,,,,,,,FELL,,,,,,FELL,,,,,,,,,,,,,,,,
24,fell,,,,,,fell,,,,,,,,fell,,,,,FELL,,,,,FELL,,,,,,FELL,,,FELL,,,,FELL,,,FELL,,,,FELL,,,FELL,,,,FELL,,,FELL,,,,FELL,,,FELL,,,,FELL,,,FELL,,,,FELL,,,FELL,,,,FELL,,,FELL,,,,FELL,,,FELL,,,,FELL,,,FELL,,,,FELL,,,FELL,,,,FELL,,,FELL,,,,FELL,,,FELL,,,,FELL,,,FELL,,,,,,,FELL,,,,,,FELL,,,,,,,,,,,,,,,,
25,fell,,,,,,fell,,,,,,,,fell,,,,,FELL,,,,,FELL,,,,,,FELL,,,FELL,,,,FELL,,,FELL,,,,FELL,,,FELL,,,,FELL,,,FELL,,,,FELL,,,FELL,,,,FELL,,,FELL,,,,FELL,,,FELL,,,,FELL,,,FELL,,,,FELL,,,FELL,,,,FELL,,,FELL,,,,FELL,,,FELL,,,,FELL,,,FELL,,,,FELL,,,FELL,,,,FELL,,,FELL,,,,,,,FELL,,,,,,FELL,,,,,,,,,,,,,,,,
26,oldFNE,,,,,,oldFNE,,,,,,,,oldFNE,,,,,oldFNE,,,,,oldFNE,,,,,,NFNE,,,FNE,,,,FNE,,,oldFNE,,,,CI,,,4E,,,,4E,,,4E,,,,4E,,EHD,CH,EHD,,,4N,,,4N,,,,4N,12,,>=0N,,,,>= 1N,,,>= 3N,,,,X,,,oldFNE,,,,oldFNE,,,oldFNE,,,,oldFNE,,,oldFNE,,,,oldFNE,,,oldFNE,,,,oldFNE,,,oldFNE,,,,oldFNE,,,oldFNE,,,,,,,oldFNE,,,,,,oldFNE,,,,,,,,,,,,,,,,
27,fell,,,,,,fell,,,,,,,,fell,,,,,FELL,,,,,FELL,,,,,,FELL,,,FELL,,,,FELL,,,FELL,,,,FELL,,,FELL,,,,FELL,,,FELL,,,,FELL,,,FELL,,,,FELL,,,FELL,,,,FELL,,,FELL,,,,FELL,,,FELL,,,,FELL,,,FELL,,,,FELL,,,FELL,,,,FELL,,,FELL,,,,FELL,,,FELL,,,,FELL,,,FELL,,,,FELL,,,FELL,,,,,,,FELL,,,,,,FELL,,,,,,,,,,,,,,,,
28,fell,,,,,,fell,,,,,,,,fell,,,,,FELL,,,,,FELL,,,,,,FELL,,,FELL,,,,FELL,,,FELL,,,,FELL,,,FELL,,,,FELL,,,FELL,,,,FELL,,,FELL,,,,FELL,,,FELL,,,,FELL,,,FELL,,,,FELL,,,FELL,,,,FELL,,,FELL,,,,FELL,,,FELL,,,,FELL,,,FELL,,,,FELL,,,FELL,,,,FELL,,,FELL,,,,FELL,,,FELL,,,,,,,FELL,,,,,,FELL,,,,,,,,,,,,,,,,
29,fell,,,,,,fell,,,,,,,,fell,,,,,FELL,,,,,FELL,,,,,,FELL,,,FELL,,,,FELL,,,FELL,,,,FELL,,,FELL,,,,FELL,,,FELL,,,,FELL,,,FELL,,,,FELL,,,FELL,,,,FELL,,,FELL,,,,FELL,,,FELL,,,,FELL,,,FELL,,,,FELL,,,FELL,,,,FELL,,,FELL,,,,FELL,,,FELL,,,,FELL,,,FELL,,,,FELL,,,FELL,,,,,,,FELL,,,,,,FELL,,,,,,,,,,,,,,,,
30,fell,,,,,,fell,,,,,,,,fell,,,,,FELL,,,,,FELL,,,,,,FELL,,,FELL,,,,FELL,,,FELL,,,,FELL,,,FELL,,,,FELL,,,FELL,,,,FELL,,,FELL,,,,FELL,,,FELL,,,,FELL,,,FELL,,,,FELL,,,FELL,,,,FELL,,,FELL,,,,FELL,,,FELL,,,,FELL,,,FELL,,,,FELL,,,FELL,,,,FELL,,,FELL,,,,FELL,,,FELL,,,,,,,FELL,,,,,,FELL,,,,,,,,,,,,,,,,
31,NFNE,,,,,,NFNE,,,,,,,,NFNE,,,,,NFNE,,,,,NFNE,,,,,,NFNE,,,NFNE,,,,NFNE,,,NFNE,,,,NFNE,,,NFNE,,,,NFNE,,,NFNE,,,,NFNE,,,NFNE,,,,NFNE,,,NFNE,,,,NFNE,,,NFNE,,,,NFNE,,,NFNE,,,,NFNE,,,NFNE,,,,NFNE,,,NFNE,,,,NFNE,,,NFNE,,,,NFNE,,,NFNE,,,,NFNE,,,NFNE,,,,NFNE,,,NFNE,,,,,,,NFNE,,,,,,NFNE,,,,,,,,,,,,,,,,
32,NFNE,,,,,,NFNE,,,,,,,,NFNE,,,,,NFNE,,,,,NFNE,,,,,,NFNE,,,NFNE,,,,NFNE,,,NFNE,,,,NFNE,,,NFNE,,,,NFNE,,,NFNE,,,,NFNE,,,NFNE,,,,NFNE,,,NFNE,,,,NFNE,,,NFNE,,,,NFNE,,,NFNE,,,,NFNE,,,NFNE,,,,NFNE,,,NFNE,,,,NFNE,,,NFNE,,,,NFNE,,,NFNE,,,,NFNE,,, NFNE,,,,NFNE,,,NFNE,,,,,,,NFNE,,,,,,NFNE,,,,,,,,,,,,,,,,
33,fell,,,,,,fell,,,,,,,,fell,,,,,FELL,,,,,FELL,,,,,,FELL,,,FELL,,,,FELL,,,FELL,,,,FELL,,,FELL,,,,FELL,,,FELL,,,,FELL,,,FELL,,,,FELL,,,FELL,,,,FELL,,,FELL,,,,FELL,,,FELL,,,,FELL,,,FELL,,,,FELL,,,NFNE,,,,FELL,,,FELL,,,,FELL,,,FELL,,,,FELL,,,FELL,,,,FELL,,,FELL,,,,,,,FELL,,,,,,FELL,,,,,,,,,,,,,,,,
34,oldFNE,,,,,,oldFNE,,,,,,,,NFNE,,,,,NFNE,,,,,NFNE,,,,,,NFNE,,,FNE,,,,NFNE,,,FNE,,,,FNE,CI,,3E,,,,5E,,,5E,,,,5E,,,5E,EHD,EHD,CH,4N1E,,,4N1E,,,,4N1E,,,4N,12,4N,,>= 0N,,,>= 2N,,,,X,,,1E,,,,1E,,,1E,,,,1E,,,1E,,,,1E,,,1E,,,,1E,,,1E,,,,1E,,,1E,,,,,,,oldFNE,,,,,,oldFNE,,,,,,,,,,,,,,,,
35,fell,,,,,,fell,,,,,,,,fell,,,,,FELL,,,,,FELL,,,,,,FELL,,,FELL,,,,FELL,,,FELL,,,,FELL,,,FELL,,,,FELL,,,FELL,,,,FELL,,,FELL,,,,FELL,,,FELL,,,,FELL,,,FELL,,,,FELL,,,FELL,,,,FELL,,,FELL,,,,FELL,,,FELL,,,,FELL,,,FELL,,,,FELL,,,FELL,,,,FELL,,,FELL,,,,FELL,,,FELL,,,,,,,FELL,,,,,,FELL,,,,,,,,,,,,,,,,
36,fell,,,,,,fell,,,,,,,,fell,,,,,FELL,,,,,FELL,,,,,,FELL,,,FELL,,,,FELL,,,FELL,,,,FELL,,,FELL,,,,FELL,,,FELL,,,,FELL,,,FELL,,,,FELL,,,FELL,,,,FELL,,,FELL,,,,FELL,,,FELL,,,,FELL,,,FELL,,,,FELL,,,FELL,,,,FELL,,,FELL,,,,FELL,,,FELL,,,,FELL,,,FELL,,,,FELL,,,FELL,,,,,,,FELL,,,,,,FELL,,,,,,,,,,,,,,,,
37,oldFNE,,,,,,oldFNE,,,,,,,,oldFNE,,,,,oldFNE,,,,,oldFNE,,,,,,oldFNE,,,oldFNE,,,,NFNE,,,NFNE,,,,NFNE,,,NFNE,,,,NFNE,,,NFNE,,,,NFNE,,,NFNE,,,,NFNE,,,NFNE,,,,NFNE,,,NFNE,,,,NFNE,,,NFNE,,,,NFNE,,,NFNE,,,,NFNE,,,NFNE,,,,NFNE,,,NFNE,,,,NFNE,,,NFNE,,,,NFNE,,,NFNE,,,,NFNE,,,NFNE,,,,,,,NFNE,,,,,,NFNE,,,,,,,,,,,,,,,,
38,oldFNE,,,,,,oldFNE,,,,,,,,oldFNE,,,,,NFNE,,,,,NFNE,,,,,,NFNE,,,NFNE,,,,NFNE,,,NFNE,,,,NFNE,,,NFNE,,,,NFNE,,,NFNE,,,,NFNE,,,NFNE,,,,NFNE,,,NFNE,,,,NFNE,,,NFNE,,,,NFNE,,,NOT CHECKED ,,,,NFNE,,,NFNE,,,,CI,,,3E,,,,5E,,,5E,,,,5E,,,EHD,CH,,,4N1E,,,NOT CHECKED,,,,NOT CHECKED,,12,4N1E,,,,,,,>=3N,,,,,,>=0N,,,,,x,,,,,,,,,,,
39,not fould,,,,,,not found,,,,,,,,not found,,,,,NOT FOUND,,,,,NOT FOUND,,,,,,NOT FOUND,,,NOT FOUND,,,,NOT FOUND,,,NOT FOUND,,,,NOT FOUND,,,NOT FOUND,,,,NOT FOUND,,,NOT FOUND,,,,NOT FOUND,,,NOT FOUND,,,,NOT FOUND,,,NOT FOUND,,,,NOT FOUND,,,NOT FOUND,,,,NOT FOUND,,,NOT FOUND,,,,NOT FOUND,,,NOT FOUND,,,,NOT FOUND,,,NOT FOUND,,,,NOT FOUND,,,NOT FOUND,,,,NOT FOUND,,,NOT FOUND,,,,NOT FOUND,,,NOT FOUND,,,,NOT FOUND,,,NOT FOUND,,,,,,,NOT FOUND,,,,,,NOT FOUND,,,,,,,,,,,,,,,,
40,fell,,,,,,fell,,,,,,,,fell,,,,,FELL,,,,,FELL,,,,,,FELL,,,FELL,,,,FELL,,,FELL,,,,FELL,,,FELL,,,,FELL,,,FELL,,,,FELL,,,FELL,,,,FELL,,,FELL,,,,FELL,,,FELL,,,,FELL,,,FELL,,,,FELL,,,FELL,,,,FELL,,,FELL,,,,FELL,,,FELL,,,,FELL,,,FELL,,,,FELL,,,FELL,,,,FELL,,,FELL,,,,,,,FELL,,,,,,FELL,,,,,,,,,,,,,,,,
41,fell,,,,,,fell,,,,,,,,fell,,,,,FELL,,,,,FELL,,,,,,FELL,,,FELL,,,,FELL,,,FELL,,,,FELL,,,FELL,,,,FELL,,,FELL,,,,FELL,,,FELL,,,,FELL,,,FELL,,,,FELL,,,FELL,,,,FELL,,,FELL,,,,FELL,,,FELL,,,,FELL,,,FELL,,,,FELL,,,FELL,,,,FELL,,,FELL,,,,FELL,,,FELL,,,,FELL,,,FELL,,,,,,,FELL,,,,,,FELL,,,,,,,,,,,,,,,,
42,fell,,,,,,fell,,,,,,,,fell,,,,,FELL,,,,,FELL,,,,,,FELL,,,FELL,,,,FELL,,,FELL,,,,FELL,,,FELL,,,,FELL,,,FELL,,,,FELL,,,FELL,,,,FELL,,,FELL,,,,FELL,,,FELL,,,,FELL,,,FELL,,,,FELL,,,FELL,,,,FELL,,,FELL,,,,FELL,,,FELL,,,,FELL,,,FELL,,,,FELL,,,FELL,,,,FELL,,,FELL,,,,,,,FELL,,,,,,FELL,,,,,,,,,,,,,,,,
43,fell,,,,,,fell,,,,,,,,fell,,,,,FELL,,,,,FELL,,,,,,FELL,,,FELL,,,,FELL,,,FELL,,,,FELL,,,FELL,,,,FELL,,,FELL,,,,FELL,,,FELL,,,,FELL,,,FELL,,,,FELL,,,FELL,,,,FELL,,,FELL,,,,FELL,,,FELL,,,,FELL,,,FELL,,,,FELL,,,FELL,,,,FELL,,,FELL,,,,FELL,,,FELL,,,,FELL,,,FELL,,,,,,,FELL,,,,,,FELL,,,,,,,,,,,,,,,,
44,fell,,,,,,fell,,,,,,,,fell,,,,,FELL,,,,,FELL,,,,,,FELL,,,FELL,,,,FELL,,,FELL,,,,FELL,,,FELL,,,,FELL,,,FELL,,,,FELL,,,FELL,,,,FELL,,,FELL,,,,FELL,,,FELL,,,,FELL,,,FELL,,,,FELL,,,FELL,,,,FELL,,,FELL,,,,FELL,,,FELL,,,,FELL,,,FELL,,,,FELL,,,FELL,,,,FELL,,,FELL,,,,,,,FELL,,,,,,FELL,,,,,,,,,,,,,,,,
45,fell,,,,,,fell,,,,,,,,fell,,,,,FELL,,,,,FELL,,,,,,FELL,,,FELL,,,,FELL,,,FELL,,,,FELL,,,FELL,,,,FELL,,,FELL,,,,FELL,,,FELL,,,,FELL,,,FELL,,,,FELL,,,FELL,,,,FELL,,,FELL,,,,FELL,,,FELL,,,,FELL,,,FELL,,,,FELL,,,FELL,,,,FELL,,,FELL,,,,FELL,,,FELL,,,,FELL,,,FELL,,,,,,,FELL,,,,,,FELL,,,,,,,,,,,,,,,,
46,oldFNE,,,,,,oldFNE,,,,,,,,oldFNE,,,,,oldFNE,,,,,oldFNE,,,,,,oldFNE,,,oldFNE,,,,oldFNE,,,oldFNE,,,,oldFNE,,,oldFNE,,,,oldFNE,,,oldFNE,,,,oldFNE,,,oldFNE,,,,oldFNE,,,oldFNE,,,,oldFNE,,,oldFNE,,,,oldFNE,,,NFNE,,,,NFNE,,,oldFNE,,,,oldFNE,,,oldFNE,,,,oldFNE,,,oldFNE,,,,oldFNE,,,oldFNE,,,,oldFNE,,,oldFNE,,,,oldFNE,,,oldFNE,,,,,,,oldFNE,,,,,,oldFNE,,,,,,,,,,,,,,,,
47,NFNE,,,,,,NFNE,,,,,,,,NFNE,,,,,NFNE,,,,,NFNE,,,,,,NFNE,,,NFNE,,,,NFNE,,,NFNE,,,,NFNE,,,SAPH,,,,SAPH,,,SAPH,,,,SAPH,,,SAPH,,,,SAPH,,,SAPH,,,,SAPH,,,SAPH,,,,SAPH,,,SAPH,,,,SAPH,,,NFNE,,,,NFNE,,,NFNE,,,,NFNE,,,NFNE,,,,NFNE,,,NFNE,,,,NFNE,,,NFNE ,,,,NFNE,,,NFNE,,,,,,,NFNE,,,,,,NFNE,,,,,,,,,,,,,,,,
48,fell,,,,,,fell,,,,,,,,fell,,,,,FELL,,,,,FELL,,,,,,FELL,,,FELL,,,,FELL,,,FELL,,,,FELL,,,FELL,,,,FELL,,,FELL,,,,FELL,,,FELL,,,,FELL,,,FELL,,,,FELL,,,FELL,,,,FELL,,,FELL,,,,FELL,,,BUILDING,,,,NFNE,CI,,3E,,,,4E,,,4E,,,,4E,,,EHD,EHD,CH,,4N,,,4N,,,,4N,,,12,,,,,,,X,,,,,,oldFNE,,,,,,,,,,,,,,,,
49,NFNE,,,,,,NFNE,,,,,,,,NFNE,,,,,NFNE,,,,,NFNE,,,,,,NFNE,,,NFNE,,,,NFNE,,,NFNE,,,,NFNE,,,NFNE,,,,NFNE,,,NFNE,,,,NFNE,,,NFNE,,,,NFNE,,,NFNE,,,,NFNE,,,NFNE,,,,NFNE,,,NFNE,,,,NFNE,,,NFNE,,,,NFNE,,,NFNE,,,,NFNE,,,NFNE,,,,NFNE,,,NFNE,,,,NFNE,,,NFNE,,,,NFNE,,,NFNE,,,,,,,NFNE,,,,,,NFNE,,,,,,,,,,,,,,,,
50,fell,,,,,,fell,,,,,,,,fell,,,,,FELL,,,,,FELL,,,,,,FELL,,,FELL,,,,FELL,,,FELL,,,,FELL,,,FELL,,,,FELL,,,FELL,,,,FELL,,,FELL,,,,FELL,,,FELL,,,,FELL,,,FELL,,,,FELL,,,FELL,,,,FELL,,,FELL,,,,FELL,,,FELL,,,,FELL,,,FELL,,,,FELL,,,FELL,,,,FELL,,,FELL,,,,FELL,,,FELL,,,,,,,FELL,,,,,,FELL,,,,,,,,,,,,,,,,
51,oldFNE,,,,,,oldFNE,,,,,,,,oldFNE,,,,,oldFNE,,,,,oldFNE,,,,,,FNE,,,FNE,,,,FNE,,,FNE,,,,FNE,,,FNE,,,,FNE,,,oldFNE,,,,oldFNE,,,oldFNE,,,,FNE,,,FNE,,,,FNE,,,FNE,,,,FNE,,,FNE,,,,FNE,,,FNE,,,,FNE,,,FNE,,,,FNE,,,FNE,,,,FNE,,,FNE,,,,FNE,,,FNE,,,,oldFNE,,,FNE,,,,,,,FNE,,,,,,FNE,,,,,,,,,,,,,,,,
52,fell,,,,,,fell,,,,,,,,fell,,,,,FELL,,,,,FELL,,,,,,FELL,,,FELL,,,,FELL,,,FELL,,,,FELL,,,FELL,,,,FELL,,,FELL,,,,FELL,,,FELL,,,,FELL,,,FELL,,,,FELL,,,FELL,,,,FELL,,,FELL,,,,FELL,,,FELL,,,,FELL,,,FELL,,,,FELL,,,FELL,,,,FELL,,,FELL,,,,FELL,,,FELL,,,,FELL,,,FELL,,,,,,,FELL,,,,,,FELL,,,,,,,,,,,,,,,,
53,oldFNE,,,,,,oldFNE,,,,,,,,oldFNE,,,,,oldFNE,,,,,oldFNE,,,,,,oldFNE,,,oldFNE,,,,oldFNE,,,NFNE,,,,NFNE,,,NFNE,,,,NFNE,,,NFNE,,,,NFNE,,,NFNE,,,,NFNE,,,NFNE,,,,NFNE,,,NFNE,,,,NFNE,,,NFNE,,,,NFNE,,,NFNE,,,,NFNE,,,NFNE,,,,NFNE,,,NFNE,,,,NFNE,,,NFNE,,,,NFNE,,,NFNE,,,,NFNE,,,NFNE,,,,,,,NFNE,,,,,,NFNE,,,,,,,,,,,,,,,,
54,oldFNE,,,,,,oldFNE,,,,,,,,oldFNE,,,,,oldFNE,,,,,oldFNE,,,,,,NFNE,,,FNE,,,,oldFNE,,,NFNE,,,,oldFNE,,,oldFNE,,,,oldFNE,,,NOT CHECKED,,,,oldFNE,,,oldFNE,,,,NFNE,,,oldFNE,,,,oldFNE,,,oldFNE,,,,oldFNE,,,NFNE,,,,NFNE,,,NFNE,,,,oldFNE,,,oldFNE,,,,oldFNE,,,oldFNE,,,,oldFNE,,,NFNE,,,,NFNE,,,NFNE,,,,NFNE,,,NFNE,,,,,,,NFNE,,,,,,NFNE,,,,,,,,,,,,,,,,
55,not checked,,,,,,NFNE,,,,,,,,NFNE,,,,,NFNE,,,,,NFNE,,,,,,NFNE,,,FNE,,,,FNE,,,NFNE,,,,NFNE,,,FNE,,,,FNE,,,FNE,,,,FNE,,,FNE,,,,NFNE,,,NFNE,,,,NFNE,,,NFNE,,,,NFNE,,,NFNE,,,,NFNE,,,NFNE,,,,NFNE,,,NFNE,,,,NFNE,,,NFNE,,,,NFNE,,,NFNE,,,,NFNE,,,NFNE,,,,NFNE,,,NFNE,,,,,,,NFNE,,,,,,NFNE,,,,,,,,,,,,,,,,
56,fell,,,,,,fell,,,,,,,,fell,,,,,FELL,,,,,FELL,,,,,,FELL,,,FELL,,,,FELL,,,FELL,,,,FELL,,,FELL,,,,FELL,,,FELL,,,,FELL,,,FELL,,,,FELL,,,FELL,,,,FELL,,,FELL,,,,FELL,,,FELL,,,,FELL,,,FELL,,,,FELL,,,FELL,,,,FELL,,,FELL,,,,FELL,,,FELL,,,,FELL,,,FELL,,,,FELL,,,FELL,,,,,,,FELL,,,,,,FELL,,,,,,,,,,,,,,,,
57,not found,,,,,,not found,,,,,,,,not found,,,,,NOT FOUND,,,,,NOT FOUND,,,,,,NOT FOUND,,,NOT FOUND,,,,NOT FOUND,,,NOT FOUND,,,,NOT FOUND,,,NOT FOUND,,,,NOT FOUND,,,NOT FOUND,,,,NOT FOUND,,,NOT FOUND,,,,NOT FOUND,,,NOT FOUND,,,,NOT FOUND,,,NOT FOUND,,,,NOT FOUND,,,NOT FOUND,,,,NOT FOUND,,,NOT FOUND,,,,NOT FOUND,,,NOT FOUND,,,,NOT FOUND,,,NOT FOUND,,,,NOT FOUND,,,NOT FOUND,,,,NOT FOUND,,,NOT FOUND,,,,NOT FOUND,,,NOT FOUND,,,,,,,NOT FOUND,,,,,,NOT FOUND,,,,,,,,,,,,,,,,
58,fell,,,,,,fell,,,,,,,,fell,,,,,FELL,,,,,FELL,,,,,,FELL,,,FELL,,,,FELL,,,FELL,,,,FELL,,,FELL,,,,FELL,,,FELL,,,,FELL,,,FELL,,,,FELL,,,FELL,,,,FELL,,,FELL,,,,FELL,,,FELL,,,,FELL,,,FELL,,,,FELL,,,FELL,,,,FELL,,,FELL,,,,FELL,,,FELL,,,,FELL,,,FELL,,,,FELL,,,FELL,,,,,,,FELL,,,,,,FELL,,,,,,,,,,,,,,,,
59,fell,,,,,,fell,,,,,,,,fell,,,,,FELL,,,,,FELL,,,,,,FELL,,,FELL,,,,FELL,,,FELL,,,,FELL,,,FELL,,,,FELL,,,FELL,,,,FELL,,,FELL,,,,FELL,,,FELL,,,,FELL,,,FELL,,,,FELL,,,FELL,,,,FELL,,,FELL,,,,FELL,,,FELL,,,,FELL,,,FELL,,,,FELL,,,FELL,,,,FELL,,,FELL,,,,FELL,,,FELL,,,,,,,FELL,,,,,,FELL,,,,,,,,,,,,,,,,
60,not found,,,,,,not found,,,,,,,,not found,,,,,NOT FOUND,,,,,NOT FOUND,,,,,,NOT FOUND,,,NOT FOUND,,,,NOT FOUND,,,NOT FOUND,,,,NOT FOUND,,,NOT FOUND,,,,NOT FOUND,,,NOT FOUND,,,,NOT FOUND,,,NOT FOUND,,,,NOT FOUND,,,NOT FOUND,,,,NOT FOUND,,,NOT FOUND,,,,NOT FOUND,,,NOT FOUND,,,,NOT FOUND,,,FELL,,,,FELL,,,FELL,,,,FELL,,,FELL,,,,FELL,,,FELL,,,,FELL,,,FELL,,,,FELL,,,FELL,,,,,,,FELL,,,,,,FELL,,,,,,,,,,,,,,,,
61,not checked,,,,,,NFNE,,,,,,,,NFNE,,,,,NFNE,,,,,NFNE,,,,,,NFNE,,,NOT CHECKED,,,,NFNE,,,NFNE,,,,NFNE,,,NFNE,,,,NFNE,,,NFNE,,,,NFNE,,,NFNE,,,,NFNE,,,NFNE,,,,NFNE,,,NFNE,,,,NFNE,,,NFNE,,,,BROKEN,,,NFNE,,,,NFNE,,,NFNE,,,,NFNE,,,NFNE,,,,NFNE,,,NFNE,,,,NFNE,,,NFNE,,,,NFNE,,,NFNE,,,,,,,NFNE,,,,,,NFNE,,,,,,,,,,,,,,,,
62,not checked,,,,,,oldFNE,,,,,,,,oldFNE,,,,,oldFNE,,,,,oldFNE,,,,,,oldFNE,,,NOT CHECKED,,,,oldFNE,,,NFNE,,,,NFNE,,,NFNE,,,,FNE,,,FNE,CI,,,4E,,,4E,,,,4E,,,4E,,,EHD,EHD,EHD,EHD,EHD,EHD,EHD,EHD,X,,,4E,,,,4E,,,CI,,,,7E,,,7E,,,,7E,,,7E,EHD,EHD,EHD,EHD,EHD,,X,,,,7E,,,7E,,,,7E,,,7E,,,,,,,oldFNE,,,,,,oldFNE,,,,,,,,,,,,,,,,
63,not found,,,,,,not found,,,,,,,,not found,,,,,NOT FOUND,,,,,NOT FOUND,,,,,,NOT FOUND,,,NOT FOUND,,,,NOT FOUND,,,NOT FOUND,,,,NOT FOUND,,,NOT FOUND,,,,NOT FOUND,,,NOT FOUND,,,,NOT FOUND,,,NOT FOUND,,,,NOT FOUND,,,NOT FOUND,,,,NOT FOUND,,,NOT FOUND,,,,NOT FOUND,,,NOT FOUND,,,,NOT FOUND,,,NOT FOUND,,,,NOT FOUND,,,NOT FOUND,,,,NOT FOUND,,,NOT FOUND,,,,NOT FOUND,,,NOT FOUND,,,,NOT FOUND,,,NOT FOUND,,,,NOT FOUND,,,NOT FOUND,,,,,,,NOT FOUND,,,,,,NOT FOUND,,,,,,,,,,,,,,,,
64,not found,,,,,,not found,,,,,,,,not found,,,,,NOT FOUND,,,,,NOT FOUND,,,,,,NOT FOUND,,,NOT FOUND,,,,NOT FOUND,,,NOT FOUND,,,,NOT FOUND,,,NOT FOUND,,,,NOT FOUND,,,NOT FOUND,,,,NOT FOUND,,,NOT FOUND,,,,NOT FOUND,,,NOT FOUND,,,,NOT FOUND,,,NOT FOUND,,,,NOT FOUND,,,NOT FOUND,,,,NOT FOUND,,,NOT FOUND,,,,NOT FOUND,,,NOT FOUND,,,,NOT FOUND,,,NOT FOUND,,,,NOT FOUND,,,NOT FOUND,,,,NOT FOUND,,,NOT FOUND,,,,NOT FOUND,,,NOT FOUND,,,,,,,NOT FOUND,,,,,,NOT FOUND,,,,,,,,,,,,,,,,
65,not found,,,,,,not found,,,,,,,,not found,,,,,NOT FOUND,,,,,NOT FOUND,,,,,,NOT FOUND,,,NOT FOUND,,,,NOT FOUND,,,NOT FOUND,,,,NOT FOUND,,,NOT FOUND,,,,NOT FOUND,,,NOT FOUND,,,,NOT FOUND,,,NOT FOUND,,,,NOT FOUND,,,NOT FOUND,,,,NOT FOUND,,,NOT FOUND,,,,NOT FOUND,,,NOT FOUND,,,,NOT FOUND,,,NOT FOUND,,,,NOT FOUND,,,NOT FOUND,,,,NOT FOUND,,,NOT FOUND,,,,NOT FOUND,,,NOT FOUND,,,,NOT FOUND,,,NOT FOUND,,,,NOT FOUND,,,NOT FOUND,,,,,,,NOT FOUND,,,,,,NOT FOUND,,,,,,,,,,,,,,,,
66,fell,,,,,,fell,,,,,,,,fell,,,,,FELL,,,,,FELL,,,,,,FELL,,,FELL,,,,FELL,,,FELL,,,,FELL,,,FELL,,,,FELL,,,FELL,,,,FELL,,,FELL,,,,FELL,,,FELL,,,,FELL,,,FELL,,,,FELL,,,FELL,,,,FELL,,,FELL,,,,FELL,,,FELL,,,,FELL,,,FELL,,,,FELL,,,FELL,,,,FELL,,,FELL,,,,FELL,,,FELL,,,,,,,FELL,,,,,,FELL,,,,,,,,,,,,,,,,
67,fell,,,,,,fell,,,,,,,,fell,,,,,FELL,,,,,FELL,,,,,,FELL,,,FELL,,,,FELL,,,FELL,,,,FELL,,,FELL,,,,FELL,,,FELL,,,,FELL,,,FELL,,,,FELL,,,FELL,,,,FELL,,,FELL,,,,FELL,,,FELL,,,,FELL,,,FELL,,,,FELL,,,FELL,,,,FELL,,,FELL,,,,FELL,,,FELL,,,,FELL,,,FELL,,,,FELL,,,FELL,,,,,,,FELL,,,,,,FELL,,,,,,,,,,,,,,,,
68,oldFNE,,,,,,oldFNE,,,,,,,,oldFNE,,,,,oldFNE,,,,,oldFNE,,,,,,oldFNE,,,oldFNE,,,,oldFNE,,,oldFNE,,,,oldFNE,,,oldFNE,,,,oldFNE,,,oldFNE,,,,oldFNE,,,oldFNE,,,,oldFNE,,,oldFNE,,,,oldFNE,,,oldFNE,,,,oldFNE,,,oldFNE,,,,oldFNE,,,oldFNE,,,,oldFNE,,,oldFNE,,,,oldFNE,,,oldFNE,,,,oldFNE,,,oldFNE,,,,oldFNE,,,oldFNE,,,,oldFNE,,,oldFNE,,,,,,,oldFNE,,,,,,oldFNE,,,,,,,,,,,,,,,,
69,NFNE,,,,,,NFNE,,,,,,,,NFNE,,,,,NFNE,,,,,NFNE,,,,,,NFNE,,,NFNE,,,,NFNE,,,NFNE,,,,NFNE,,,NFNE,,,,NFNE,,,NFNE,,,,NFNE,,,NFNE,,,,NFNE,,,NFNE,,,,NFNE,,,NFNE,,,,NFNE,,,NFNE,,,,NFNE,,,CI,,,,4E,,,4E,,,,3E,,,3E,,EHD,CH,2N,,,2N,,,,2N,,,2N,12,,,2N,,,X,,,,,,,oldFNE,,,,,,oldFNE,,,,,,,,,,,,,,,,
70,oldFNE,,,,,,oldFNE,,,,,,,,oldFNE,,,,,oldFNE,,,,,oldFNE,,,,,,oldFNE,,,FNE,,,,FNE,,,FNE,,,,FNE,,,FNE,,,,oldFNE,,,oldFNE,,,,oldFNE,,,oldFNE,,,,oldFNE,,,oldFNE,,,,oldFNE,,,oldFNE,,,,oldFNE,,,oldFNE,,,,oldFNE,,,oldFNE,,,,oldFNE,,,oldFNE,,,,oldFNE,,,FNE,,,,FNE,,,oldFNE,,,,FNE,,,oldFNE,,,,oldFNE,,,oldFNE,,,,,,,oldFNE,,,,,,oldFNE,,,,,,,,,,,,,,,,
71,not checked,,,,,,fell,,,,,,,,fell,,,,,FELL,,,,,FELL,,,,,,FELL,,,FELL,,,,FELL,,,FELL,,,,FELL,,,FELL,,,,FELL,,,FELL,,,,FELL,,,FELL,,,,FELL,,,FELL,,,,FELL,,,FELL,,,,FELL,,,FELL,,,,FELL,,,FELL,,,,FELL,,,FELL,,,,FELL,,,FELL,,,,FELL,,,FELL,,,,FELL,,,FELL,,,,FELL,,,FELL,,,,,,,FELL,,,,,,FELL,,,,,,,,,,,,,,,,
72,not checked,,,,,,oldFNE,,,,,,,,oldFNE,,,,,oldFNE,,,,,oldFNE,,,,,,oldFNE,,,FNE,,,,FNE,,,oldFNE,,,,oldFNE,,,oldFNE,,,,FNE,,,oldFNE,,,,oldFNE,,,oldFNE,,,,oldFNE,,,oldFNE,,,,oldFNE,,,oldFNE,,,,oldFNE,,,oldFNE,,,,NFNE,,,NFNE,,,,FNE,,,FNE,,,,FNE,,,FNE,,,,FNE,,,oldFNE,,,,oldFNE,,,NFNE,,,,NFNE,,,NFNE,,,,,,,NFNE,,,,,,NFNE,,,,,,,,,,,,,,,,
73,oldFNE,,,,,,oldFNE,,,,,,,,oldFNE,,,,,oldFNE,,,,,oldFNE,,,,,,CI,,,4E,,,,5E,,,5E,,,,5E,,,EHD,EHD,CH,,5N,,,5N,,,,5N,,,12,,,,NOT CHECKED,,,>=4N,,,,>=2N,,,X,,,,oldFNE,CI,,3E,,,,5E,,,5E,,,,5E,,,5E,CH,,,5N,,,5N,,,,5N,,12,5N,,,,>= 3N,,,>=2N,,,,X,,,oldFNE,,,,,,,oldFNE,,,,,,oldFNE,,,,,,,,,,,,,,,,
74,,,,,,,,,,,,,,,,,,,,,,,,,,,,,,,,,,,,,,,,,,,,,,,,,,,,,,,,,,,,,,,,,,,,,,,,,,,,,,,,,,,,,,,,,,,,,,,,,,,,,,,,,,,,,,,,,,,,,,,,,,,,,NFNE,,,,,,,NFNE,,,,,,NFNE,,,,,,,,,,,,,,,,
75,,,,,,,,,,,,,,,,,,,,,,,,,,,,,,,,,,,,,,,,,,,,,,,,,,,,,,,,,,,,,,,,,,,,,,,,,,,,,,,,,,,,,,,,,,,,,,,,,,,,,,,,,,,,,,,,,,,,,,,,,,,,,,,,,,,,,,,,,,,,,,,,,,,,,,,,,,
76,,,,,,,,,,,,,,,,,,,,,,,,,,,,,,,,,,,,,,,,,,,,,,,,,,,,,,,,,,,,,,,,,,,,,,,,,,,,,,,,,,,,,,,,,,,,,,,,,,,,,,,,,,,,,,,,,,,,,,,,,,,,,,,,,,,,,,,,,,,,,,,,,,,,,,,,,,
77,,,,,,,,,,,,,,,,,,,,,,,,,,,,,,,,,,,,,,,,,,,,,,,,,,,,,,,,,,,,,,,,,,,,,,,,,,,,,,,,,,,,,,,,,,,,,,,,,,,,,,,,,,,,,,,,,,,,,,,,,,,,,,,,,,,,,,,,,,,,,,,,,,,,,,,,,,
78,,,,,,,,,,,,,,,,,,,,,,,,,,,,,,,,,,,,,,,,,,,,,,,,,,,,,,,,,,,,,,,,,,,,,,,,,,,,,,,,,,,,,,,,,,,,,,,,,,,,,,,,,,,,,,,,,,,,,,,,,,,,,,,,,,,,,,,,,,,,,,,,,,,,,,,,,,
79,,,,,,,,,,,,,,,,,,,,,,,,,,,,,,,,,,,,,,,,,,,,,,,,,,,,,,,,,,,,,,,,,,,,,,,,,,,,,,,,,,,,,,,,,,,,,,,,,,,,,,,,,,,,,,,,,,,,,,,,,,,,,,,,,,,,,,,,,,,,,,,,,,,,,,,,,,
80,,,,,,,,,,,,,,,,,,,,,,,,,,,,,,,,,,,,,,,,,,,,,,,,,,,,,,,,,,,,,,,,,,,,,,,,,,,,,,,,,,,,,,,,,,,,,,,,,,,,,,,,,,,,,,,,,,,,,,,,,,,,,,,,,,,,,,,,,,,,,,,,,,,,,,,,,,
81,,,,,,,,,,,,,,,,,,,,,,,,,,,,,,,,,,,,,,,,,,,,,,,,,,,,,,,,,,,,,,,,,,,,,,,,,,,,,,,,,,,,,,,,,,,,,,,,,,,,,,,,,,,,,,,,,,,,,,,,,,,,,,,,,,,,,,,,,,,,,,,,,,,,,,,,,,
82,,,,,,,,,,,,,,,,,,,,,,,,,,,,,,,,,,,,,,,,,,,,,,,,,,,,,,,,,,,,,,,,,,,,,,,,,,,,,,,,,,,,,,,,,,,,,,,,,,,,,,,,,,,,,,,,,,,,,,,,,,,,,,,,,,,,,,,,,,,,,,,,,,,,,,,,,,
83,,,,,,,,,,,,,,,,,,,,,,,,,,,,,,,,,,,,,,,,,,,,,,,,,,,,,,,,,,,,,,,,,,,,,,,,,,,,,,,,,,,,,,,,,,,,,,,,,,,,,,,,,,,,,,,,,,,,,,,,,,,,,,,,,,,,,,,,,,,,,,,,,,,,,,,,,,
84,,,,,,,,,,,,,,,,,,,,,,,,,,,,,,,,,,,,,,,,,,,,,,,,,,,,,,,,,,,,,,,,,,,,,,,,,,,,,,,,,,,,,,,,,,,,,,,,,,,,,,,,,,,,,,,,,,,,,,,,,,,,,,,,,,,,,,,,,,,,,,,,,,,,,,,,,,
85,,,,,,,,,,,,,,,,,,,,,,,,,,,,,,,,,,,,,,,,,,,,,,,,,,,,,,,,,,,,,,,,,,,,,,,,,,,,,,,,,,,,,,,,,,,,,,,,,,,,,,,,,,,,,,,,,,,,,,,,,,,,,,,,,,,,,,,,,,,,,,,,,,,,,,,,,,
86,,,,,,,,,,,,,,,,,,,,,,,,,,,,,,,,,,,,,,,,,,,,,,,,,,,,,,,,,,,,,,,,,,,,,,,,,,,,,,,,,,,,,,,,,,,,,,,,,,,,,,,,,,,,,,,,,,,,,,,,,,,,,,,,,,,,,,,,,,,,,,,,,,,,,,,,,,
87,,,,,,,,,,,,,,,,,,,,,,,,,,,,,,,,,,,,,,,,,,,,,,,,,,,,,,,,,,,,,,,,,,,,,,,,,,,,,,,,,,,,,,,,,,,,,,,,,,,,,,,,,,,,,,,,,,,,,,,,,,,,,,,,,,,,,,,,,,,,,,,,,,,,,,,,,,
88,,,,,,,,,,,,,,,,,,,,,,,,,,,,,,,,,,,,,,,,,,,,,,,,,,,,,,,,,,,,,,,,,,,,,,,,,,,,,,,,,,,,,,,,,,,,,,,,,,,,,,,,,,,,,,,,,,,,,,,,,,,,,,,,,,,,,,,,,,,,,,,,,,,,,,,,,,
89,,,,,,,,,,,,,,,,,,,,,,,,,,,,,,,,,,,,,,,,,,,,,,,,,,,,,,,,,,,,,,,,,,,,,,,,,,,,,,,,,,,,,,,,,,,,,,,,,,,,,,,,,,,,,,,,,,,,,,,,,,,,,,,,,,,,,,,,,,,,,,,,,,,,,,,,,,
90,,,,,,,,,,,,,,,,,,,,,,,,,,,,,,,,,,,,,,,,,,,,,,,,,,,,,,,,,,,,,,,,,,,,,,,,,,,,,,,,,,,,,,,,,,,,,,,,,,,,,,,,,,,,,,,,,,,,,,,,,,,,,,,,,,,,,,,,,,,,,,,,,,,,,,,,,,
91,,,,,,,,,,,,,,,,,,,,,,,,,,,,,,,,,,,,,,,,,,,,,,,,,,,,,,,,,,,,,,,,,,,,,,,,,,,,,,,,,,,,,,,,,,,,,,,,,,,,,,,,,,,,,,,,,,,,,,,,,,,,,,,,,,,,,,,,,,,,,,,,,,,,,,,,,,
92,,,,,,,,,,,,,,,,,,,,,,,,,,,,,,,,,,,,,,,,,,,,,,,,,,,,,,,,,,,,,,,,,,,,,,,,,,,,,,,,,,,,,,,,,,,,,,,,,,,,,,,,,,,,,,,,,,,,,,,,,,,,,,,,,,,,,,,,,,,,,,,,,,,,,,,,,,
93,,,,,,,,,,,,,,,,,,,,,,,,,,,,,,,,,,,,,,,,,,,,,,,,,,,,,,,,,,,,,,,,,,,,,,,,,,,,,,,,,,,,,,,,,,,,,,,,,,,,,,,,,,,,,,,,,,,,,,,,,,,,,,,,,,,,,,,,,,,,,,,,,,,,,,,,,,
94,,,,,,,,,,,,,,,,,,,,,,,,,,,,,,,,,,,,,,,,,,,,,,,,,,,,,,,,,,,,,,,,,,,,,,,,,,,,,,,,,,,,,,,,,,,,,,,,,,,,,,,,,,,,,,,,,,,,,,,,,,,,,,,,,,,,,,,,,,,,,,,,,,,,,,,,,,
95,,,,,,,,,,,,,,,,,,,,,,,,,,,,,,,,,,,,,,,,,,,,,,,,,,,,,,,,,,,,,,,,,,,,,,,,,,,,,,,,,,,,,,,,,,,,,,,,,,,,,,,,,,,,,,,,,,,,,,,,,,,,,,,,,,,,,,,,,,,,,,,,,,,,,,,,,,
96,,,,,,,,,,,,,,,,,,,,,,,,,,,,,,,,,,,,,,,,,,,,,,,,,,,,,,,,,,,,,,,,,,,,,,,,,,,,,,,,,,,,,,,,,,,,,,,,,,,,,,,,,,,,,,,,,,,,,,,,,,,,,,,,,,,,,,,,,,,,,,,,,,,,,,,,,,
97,,,,,,,,,,,,,,,,,,,,,,,,,,,,,,,,,,,,,,,,,,,,,,,,,,,,,,,,,,,,,,,,,,,,,,,,,,,,,,,,,,,,,,,,,,,,,,,,,,,,,,,,,,,,,,,,,,,,,,,,,,,,,,,,,,,,,,,,,,,,,,,,,,,,,,,,,,
98,,,,,,,,,,,,,,,,,,,,,,,,,,,,,,,,,,,,,,,,,,,,,,,,,,,,,,,,,,,,,,,,,,,,,,,,,,,,,,,,,,,,,,,,,,,,,,,,,,,,,,,,,,,,,,,,,,,,,,,,,,,,,,,,,,,,,,,,,,,,,,,,,,,,,,,,,,
99,,,,,,,,,,,,,,,,,,,,,,,,,,,,,,,,,,,,,,,,,,,,,,,,,,,,,,,,,,,,,,,,,,,,,,,,,,,,,,,,,,,,,,,,,,,,,,,,,,,,,,,,,,,,,,,,,,,,,,,,,,,,,,,,,,,,,,,,,,,,,,,,,,,,,,,,,,
100,,,,,,,,,,,,,,,,,,,,,,,,,,,,,,,,,,,,,,,,,,,,,,,,,,,,,,,,,,,,,,,,,,,,,,,,,,,,,,,,,,,,,,,,,,,,,,,,,,,,,,,,,,,,,,,,,,,,,,,,,,,,,,,,,,,,,,,,,,,,,,,,,,,,,,,,,,
101,,,,,,,,,,,,,,,,,,,,,,,,,,,,,,,,,,,,,,,,,,,,,,,,,,,,,,,,,,,,,,,,,,,,,,,,,,,,,,,,,,,,,,,,,,,,,,,,,,,,,,,,,,,,,,,,,,,,,,,,,,,,,,,,,,,,,,,,,,,,,,,,,,,,,,,,,,
102,,,,,,,,,,,,,,,,,,,,,,,,,,,,,,,,,,,,,,,,,,,,,,,,,,,,,,,,,,,,,,,,,,,,,,,,,,,,,,,,,,,,,,,,,,,,,,,,,,,,,,,,,,,,,,,,,,,,,,,,,,,,,,,,,,,,,,,,,,,,,,,,,,,,,,,,,,
103,,,,,,,,,,,,,,,,,,,,,,,,,,,,,,,,,,,,,,,,,,,,,,,,,,,,,,,,,,,,,,,,,,,,,,,,,,,,,,,,,,,,,,,,,,,,,,,,,,,,,,,,,,,,,,,,,,,,,,,,,,,,,,,,,,,,,,,,,,,,,,,,,,,,,,,,,,
104,,,,,,,,,,,,,,,,,,,,,,,,,,,,,,,,,,,,,,,,,,,,,,,,,,,,,,,,,,,,,,,,,,,,,,,,,,,,,,,,,,,,,,,,,,,,,,,,,,,,,,,,,,,,,,,,,,,,,,,,,,,,,,,,,,,,,,,,,,,,,,,,,,,,,,,,,,
105,,,,,,,,,,,,,,,,,,,,,,,,,,,,,,,,,,,,,,,,,,,,,,,,,,,,,,,,,,,,,,,,,,,,,,,,,,,,,,,,,,,,,,,,,,,,,,,,,,,,,,,,,,,,,,,,,,,,,,,,,,,,,,,,,,,,,,,,,,,,,,,,,,,,,,,,,,
106,,,,,,,,,,,,,,,,,,,,,,,,,,,,,,,,,,,,,,,,,,,,,,,,,,,,,,,,,,,,,,,,,,,,,,,,,,,,,,,,,,,,,,,,,,,,,,,,,,,,,,,,,,,,,,,,,,,,,,,,,,,,,,,,,,,,,,,,,,,,,,,,,,,,,,,,,,
107,,,,,,,,,,,,,,,,,,,,,,,,,,,,,,,,,,,,,,,,,,,,,,,,,,,,,,,,,,,,,,,,,,,,,,,,,,,,,,,,,,,,,,,,,,,,,,,,,,,,,,,,,,,,,,,,,,,,,,,,,,,,,,,,,,,,,,,,,,,,,,,,,,,,,,,,,,
108,,,,,,,,,,,,,,,,,,,,,,,,,,,,,,,,,,,,,,,,,,,,,,,,,,,,,,,,,,,,,,,,,,,,,,,,,,,,,,,,,,,,,,,,,,,,,,,,,,,,,,,,,,,,,,,,,,,,,,,,,,,,,,,,,,,,,,,,,,,,,,,,,,,,,,,,,,
109,,,,,,,,,,,,,,,,,,,,,,,,,,,,,,,,,,,,,,,,,,,,,,,,,,,,,,,,,,,,,,,,,,,,,,,,,,,,,,,,,,,,,,,,,,,,,,,,,,,,,,,,,,,,,,,,,,,,,,,,,,,,,,,,,,,,,,,,,,,,,,,,,,,,,,,,,,
110,,,,,,,,,,,,,,,,,,,,,,,,,,,,,,,,,,,,,,,,,,,,,,,,,,,,,,,,,,,,,,,,,,,,,,,,,,,,,,,,,,,,,,,,,,,,,,,,,,,,,,,,,,,,,,,,,,,,,,,,,,,,,,,,,,,,,,,,,,,,,,,,,,,,,,,,,,
111,,,,,,,,,,,,,,,,,,,,,,,,,,,,,,,,,,,,,,,,,,,,,,,,,,,,,,,,,,,,,,,,,,,,,,,,,,,,,,,,,,,,,,,,,,,,,,,,,,,,,,,,,,,,,,,,,,,,,,,,,,,,,,,,,,,,,,,,,,,,,,,,,,,,,,,,,,
112,,,,,,,,,,,,,,,,,,,,,,,,,,,,,,,,,,,,,,,,,,,,,,,,,,,,,,,,,,,,,,,,,,,,,,,,,,,,,,,,,,,,,,,,,,,,,,,,,,,,,,,,,,,,,,,,,,,,,,,,,,,,,,,,,,,,,,,,,,,,,,,,,,,,,,,,,,
113,,,,,,,,,,,,,,,,,,,,,,,,,,,,,,,,,,,,,,,,,,,,,,,,,,,,,,,,,,,,,,,,,,,,,,,,,,,,,,,,,,,,,,,,,,,,,,,,,,,,,,,,,,,,,,,,,,,,,,,,,,,,,,,,,,,,,,,,,,,,,,,,,,,,,,,,,,
114,,,,,,,,,,,,,,,,,,,,,,,,,,,,,,,,,,,,,,,,,,,,,,,,,,,,,,,,,,,,,,,,,,,,,,,,,,,,,,,,,,,,,,,,,,,,,,,,,,,,,,,,,,,,,,,,,,,,,,,,,,,,,,,,,,,,,,,,,,,,,,,,,,,,,,,,,,
115,,,,,,,,,,,,,,,,,,,,,,,,,,,,,,,,,,,,,,,,,,,,,,,,,,,,,,,,,,,,,,,,,,,,,,,,,,,,,,,,,,,,,,,,,,,,,,,,,,,,,,,,,,,,,,,,,,,,,,,,,,,,,,,,,,,,,,,,,,,,,,,,,,,,,,,,,,
116,,,,,,,,,,,,,,,,,,,,,,,,,,,,,,,,,,,,,,,,,,,,,,,,,,,,,,,,,,,,,,,,,,,,,,,,,,,,,,,,,,,,,,,,,,,,,,,,,,,,,,,,,,,,,,,,,,,,,,,,,,,,,,,,,,,,,,,,,,,,,,,,,,,,,,,,,,
117,,,,,,,,,,,,,,,,,,,,,,,,,,,,,,,,,,,,,,,,,,,,,,,,,,,,,,,,,,,,,,,,,,,,,,,,,,,,,,,,,,,,,,,,,,,,,,,,,,,,,,,,,,,,,,,,,,,,,,,,,,,,,,,,,,,,,,,,,,,,,,,,,,,,,,,,,,
118,,,,,,,,,,,,,,,,,,,,,,,,,,,,,,,,,,,,,,,,,,,,,,,,,,,,,,,,,,,,,,,,,,,,,,,,,,,,,,,,,,,,,,,,,,,,,,,,,,,,,,,,,,,,,,,,,,,,,,,,,,,,,,,,,,,,,,,,,,,,,,,,,,,,,,,,,,
119,,,,,,,,,,,,,,,,,,,,,,,,,,,,,,,,,,,,,,,,,,,,,,,,,,,,,,,,,,,,,,,,,,,,,,,,,,,,,,,,,,,,,,,,,,,,,,,,,,,,,,,,,,,,,,,,,,,,,,,,,,,,,,,,,,,,,,,,,,,,,,,,,,,,,,,,,,
120,,,,,,,,,,,,,,,,,,,,,,,,,,,,,,,,,,,,,,,,,,,,,,,,,,,,,,,,,,,,,,,,,,,,,,,,,,,,,,,,,,,,,,,,,,,,,,,,,,,,,,,,,,,,,,,,,,,,,,,,,,,,,,,,,,,,,,,,,,,,,,,,,,,,,,,,,,
121,,,,,,,,,,,,,,,,,,,,,,,,,,,,,,,,,,,,,,,,,,,,,,,,,,,,,,,,,,,,,,,,,,,,,,,,,,,,,,,,,,,,,,,,,,,,,,,,,,,,,,,,,,,,,,,,,,,,,,,,,,,,,,,,,,,,,,,,,,,,,,,,,,,,,,,,,,
122,,,,,,,,,,,,,,,,,,,,,,,,,,,,,,,,,,,,,,,,,,,,,,,,,,,,,,,,,,,,,,,,,,,,,,,,,,,,,,,,,,,,,,,,,,,,,,,,,,,,,,,,,,,,,,,,,,,,,,,,,,,,,,,,,,,,,,,,,,,,,,,,,,,,,,,,,,
123,,,,,,,,,,,,,,,,,,,,,,,,,,,,,,,,,,,,,,,,,,,,,,,,,,,,,,,,,,,,,,,,,,,,,,,,,,,,,,,,,,,,,,,,,,,,,,,,,,,,,,,,,,,,,,,,,,,,,,,,,,,,,,,,,,,,,,,,,,,,,,,,,,,,,,,,,,
124,,,,,,,,,,,,,,,,,,,,,,,,,,,,,,,,,,,,,,,,,,,,,,,,,,,,,,,,,,,,,,,,,,,,,,,,,,,,,,,,,,,,,,,,,,,,,,,,,,,,,,,,,,,,,,,,,,,,,,,,,,,,,,,,,,,,,,,,,,,,,,,,,,,,,,,,,,
125,,,,,,,,,,,,,,,,,,,,,,,,,,,,,,,,,,,,,,,,,,,,,,,,,,,,,,,,,,,,,,,,,,,,,,,,,,,,,,,,,,,,,,,,,,,,,,,,,,,,,,,,,,,,,,,,,,,,,,,,,,,,,,,,,,,,,,,,,,,,,,,,,,,,,,,,,,
126,,,,,,,,,,,,,,,,,,,,,,,,,,,,,,,,,,,,,,,,,,,,,,,,,,,,,,,,,,,,,,,,,,,,,,,,,,,,,,,,,,,,,,,,,,,,,,,,,,,,,,,,,,,,,,,,,,,,,,,,,,,,,,,,,,,,,,,,,,,,,,,,,,,,,,,,,,
127,,,,,,,,,,,,,,,,,,,,,,,,,,,,,,,,,,,,,,,,,,,,,,,,,,,,,,,,,,,,,,,,,,,,,,,,,,,,,,,,,,,,,,,,,,,,,,,,,,,,,,,,,,,,,,,,,,,,,,,,,,,,,,,,,,,,,,,,,,,,,,,,,,,,,,,,,,
128,,,,,,,,,,,,,,,,,,,,,,,,,,,,,,,,,,,,,,,,,,,,,,,,,,,,,,,,,,,,,,,,,,,,,,,,,,,,,,,,,,,,,,,,,,,,,,,,,,,,,,,,,,,,,,,,,,,,,,,,,,,,,,,,,,,,,,,,,,,,,,,,,,,,,,,,,,
129,,,,,,,,,,,,,,,,,,,,,,,,,,,,,,,,,,,,,,,,,,,,,,,,,,,,,,,,,,,,,,,,,,,,,,,,,,,,,,,,,,,,,,,,,,,,,,,,,,,,,,,,,,,,,,,,,,,,,,,,,,,,,,,,,,,,,,,,,,,,,,,,,,,,,,,,,,
130,,,,,,,,,,,,,,,,,,,,,,,,,,,,,,,,,,,,,,,,,,,,,,,,,,,,,,,,,,,,,,,,,,,,,,,,,,,,,,,,,,,,,,,,,,,,,,,,,,,,,,,,,,,,,,,,,,,,,,,,,,,,,,,,,,,,,,,,,,,,,,,,,,,,,,,,,,
131,,,,,,,,,,,,,,,,,,,,,,,,,,,,,,,,,,,,,,,,,,,,,,,,,,,,,,,,,,,,,,,,,,,,,,,,,,,,,,,,,,,,,,,,,,,,,,,,,,,,,,,,,,,,,,,,,,,,,,,,,,,,,,,,,,,,,,,,,,,,,,,,,,,,,,,,,,
132,,,,,,,,,,,,,,,,,,,,,,,,,,,,,,,,,,,,,,,,,,,,,,,,,,,,,,,,,,,,,,,,,,,,,,,,,,,,,,,,,,,,,,,,,,,,,,,,,,,,,,,,,,,,,,,,,,,,,,,,,,,,,,,,,,,,,,,,,,,,,,,,,,,,,,,,,,
133,,,,,,,,,,,,,,,,,,,,,,,,,,,,,,,,,,,,,,,,,,,,,,,,,,,,,,,,,,,,,,,,,,,,,,,,,,,,,,,,,,,,,,,,,,,,,,,,,,,,,,,,,,,,,,,,,,,,,,,,,,,,,,,,,,,,,,,,,,,,,,,,,,,,,,,,,,
134,,,,,,,,,,,,,,,,,,,,,,,,,,,,,,,,,,,,,,,,,,,,,,,,,,,,,,,,,,,,,,,,,,,,,,,,,,,,,,,,,,,,,,,,,,,,,,,,,,,,,,,,,,,,,,,,,,,,,,,,,,,,,,,,,,,,,,,,,,,,,,,,,,,,,,,,,,
135,,,,,,,,,,,,,,,,,,,,,,,,,,,,,,,,,,,,,,,,,,,,,,,,,,,,,,,,,,,,,,,,,,,,,,,,,,,,,,,,,,,,,,,,,,,,,,,,,,,,,,,,,,,,,,,,,,,,,,,,,,,,,,,,,,,,,,,,,,,,,,,,,,,,,,,,,,
136,,,,,,,,,,,,,,,,,,,,,,,,,,,,,,,,,,,,,,,,,,,,,,,,,,,,,,,,,,,,,,,,,,,,,,,,,,,,,,,,,,,,,,,,,,,,,,,,,,,,,,,,,,,,,,,,,,,,,,,,,,,,,,,,,,,,,,,,,,,,,,,,,,,,,,,,,,
137,,,,,,,,,,,,,,,,,,,,,,,,,,,,,,,,,,,,,,,,,,,,,,,,,,,,,,,,,,,,,,,,,,,,,,,,,,,,,,,,,,,,,,,,,,,,,,,,,,,,,,,,,,,,,,,,,,,,,,,,,,,,,,,,,,,,,,,,,,,,,,,,,,,,,,,,,,
138,,,,,,,,,,,,,,,,,,,,,,,,,,,,,,,,,,,,,,,,,,,,,,,,,,,,,,,,,,,,,,,,,,,,,,,,,,,,,,,,,,,,,,,,,,,,,,,,,,,,,,,,,,,,,,,,,,,,,,,,,,,,,,,,,,,,,,,,,,,,,,,,,,,,,,,,,,
139,,,,,,,,,,,,,,,,,,,,,,,,,,,,,,,,,,,,,,,,,,,,,,,,,,,,,,,,,,,,,,,,,,,,,,,,,,,,,,,,,,,,,,,,,,,,,,,,,,,,,,,,,,,,,,,,,,,,,,,,,,,,,,,,,,,,,,,,,,,,,,,,,,,,,,,,,,
140,,,,,,,,,,,,,,,,,,,,,,,,,,,,,,,,,,,,,,,,,,,,,,,,,,,,,,,,,,,,,,,,,,,,,,,,,,,,,,,,,,,,,,,,,,,,,,,,,,,,,,,,,,,,,,,,,,,,,,,,,,,,,,,,,,,,,,,,,,,,,,,,,,,,,,,,,,
141,,,,,,,,,,,,,,,,,,,,,,,,,,,,,,,,,,,,,,,,,,,,,,,,,,,,,,,,,,,,,,,,,,,,,,,,,,,,,,,,,,,,,,,,,,,,,,,,,,,,,,,,,,,,,,,,,,,,,,,,,,,,,,,,,,,,,,,,,,,,,,,,,,,,,,,,,,
142,,,,,,,,,,,,,,,,,,,,,,,,,,,,,,,,,,,,,,,,,,,,,,,,,,,,,,,,,,,,,,,,,,,,,,,,,,,,,,,,,,,,,,,,,,,,,,,,,,,,,,,,,,,,,,,,,,,,,,,,,,,,,,,,,,,,,,,,,,,,,,,,,,,,,,,,,,
143,,,,,,,,,,,,,,,,,,,,,,,,,,,,,,,,,,,,,,,,,,,,,,,,,,,,,,,,,,,,,,,,,,,,,,,,,,,,,,,,,,,,,,,,,,,,,,,,,,,,,,,,,,,,,,,,,,,,,,,,,,,,,,,,,,,,,,,,,,,,,,,,,,,,,,,,,,
144,,,,,,,,,,,,,,,,,,,,,,,,,,,,,,,,,,,,,,,,,,,,,,,,,,,,,,,,,,,,,,,,,,,,,,,,,,,,,,,,,,,,,,,,,,,,,,,,,,,,,,,,,,,,,,,,,,,,,,,,,,,,,,,,,,,,,,,,,,,,,,,,,,,,,,,,,,
145,,,,,,,,,,,,,,,,,,,,,,,,,,,,,,,,,,,,,,,,,,,,,,,,,,,,,,,,,,,,,,,,,,,,,,,,,,,,,,,,,,,,,,,,,,,,,,,,,,,,,,,,,,,,,,,,,,,,,,,,,,,,,,,,,,,,,,,,,,,,,,,,,,,,,,,,,,
146,,,,,,,,,,,,,,,,,,,,,,,,,,,,,,,,,,,,,,,,,,,,,,,,,,,,,,,,,,,,,,,,,,,,,,,,,,,,,,,,,,,,,,,,,,,,,,,,,,,,,,,,,,,,,,,,,,,,,,,,,,,,,,,,,,,,,,,,,,,,,,,,,,,,,,,,,,
147,,,,,,,,,,,,,,,,,,,,,,,,,,,,,,,,,,,,,,,,,,,,,,,,,,,,,,,,,,,,,,,,,,,,,,,,,,,,,,,,,,,,,,,,,,,,,,,,,,,,,,,,,,,,,,,,,,,,,,,,,,,,,,,,,,,,,,,,,,,,,,,,,,,,,,,,,,
148,,,,,,,,,,,,,,,,,,,,,,,,,,,,,,,,,,,,,,,,,,,,,,,,,,,,,,,,,,,,,,,,,,,,,,,,,,,,,,,,,,,,,,,,,,,,,,,,,,,,,,,,,,,,,,,,,,,,,,,,,,,,,,,,,,,,,,,,,,,,,,,,,,,,,,,,,,
149,,,,,,,,,,,,,,,,,,,,,,,,,,,,,,,,,,,,,,,,,,,,,,,,,,,,,,,,,,,,,,,,,,,,,,,,,,,,,,,,,,,,,,,,,,,,,,,,,,,,,,,,,,,,,,,,,,,,,,,,,,,,,,,,,,,,,,,,,,,,,,,,,,,,,,,,,,
150,,,,,,,,,,,,,,,,,,,,,,,,,,,,,,,,,,,,,,,,,,,,,,,,,,,,,,,,,,,,,,,,,,,,,,,,,,,,,,,,,,,,,,,,,,,,,,,,,,,,,,,,,,,,,,,,,,,,,,,,,,,,,,,,,,,,,,,,,,,,,,,,,,,,,,,,,,
151,,,,,,,,,,,,,,,,,,,,,,,,,,,,,,,,,,,,,,,,,,,,,,,,,,,,,,,,,,,,,,,,,,,,,,,,,,,,,,,,,,,,,,,,,,,,,,,,,,,,,,,,,,,,,,,,,,,,,,,,,,,,,,,,,,,,,,,,,,,,,,,,,,,,,,,,,,
152,,,,,,,,,,,,,,,,,,,,,,,,,,,,,,,,,,,,,,,,,,,,,,,,,,,,,,,,,,,,,,,,,,,,,,,,,,,,,,,,,,,,,,,,,,,,,,,,,,,,,,,,,,,,,,,,,,,,,,,,,,,,,,,,,,,,,,,,,,,,,,,,,,,,,,,,,,
153,,,,,,,,,,,,,,,,,,,,,,,,,,,,,,,,,,,,,,,,,,,,,,,,,,,,,,,,,,,,,,,,,,,,,,,,,,,,,,,,,,,,,,,,,,,,,,,,,,,,,,,,,,,,,,,,,,,,,,,,,,,,,,,,,,,,,,,,,,,,,,,,,,,,,,,,,,
154,,,,,,,,,,,,,,,,,,,,,,,,,,,,,,,,,,,,,,,,,,,,,,,,,,,,,,,,,,,,,,,,,,,,,,,,,,,,,,,,,,,,,,,,,,,,,,,,,,,,,,,,,,,,,,,,,,,,,,,,,,,,,,,,,,,,,,,,,,,,,,,,,,,,,,,,,,
155,,,,,,,,,,,,,,,,,,,,,,,,,,,,,,,,,,,,,,,,,,,,,,,,,,,,,,,,,,,,,,,,,,,,,,,,,,,,,,,,,,,,,,,,,,,,,,,,,,,,,,,,,,,,,,,,,,,,,,,,,,,,,,,,,,,,,,,,,,,,,,,,,,,,,,,,,,
156,,,,,,,,,,,,,,,,,,,,,,,,,,,,,,,,,,,,,,,,,,,,,,,,,,,,,,,,,,,,,,,,,,,,,,,,,,,,,,,,,,,,,,,,,,,,,,,,,,,,,,,,,,,,,,,,,,,,,,,,,,,,,,,,,,,,,,,,,,,,,,,,,,,,,,,,,,
157,,,,,,,,,,,,,,,,,,,,,,,,,,,,,,,,,,,,,,,,,,,,,,,,,,,,,,,,,,,,,,,,,,,,,,,,,,,,,,,,,,,,,,,,,,,,,,,,,,,,,,,,,,,,,,,,,,,,,,,,,,,,,,,,,,,,,,,,,,,,,,,,,,,,,,,,,,
158,,,,,,,,,,,,,,,,,,,,,,,,,,,,,,,,,,,,,,,,,,,,,,,,,,,,,,,,,,,,,,,,,,,,,,,,,,,,,,,,,,,,,,,,,,,,,,,,,,,,,,,,,,,,,,,,,,,,,,,,,,,,,,,,,,,,,,,,,,,,,,,,,,,,,,,,,,
159,,,,,,,,,,,,,,,,,,,,,,,,,,,,,,,,,,,,,,,,,,,,,,,,,,,,,,,,,,,,,,,,,,,,,,,,,,,,,,,,,,,,,,,,,,,,,,,,,,,,,,,,,,,,,,,,,,,,,,,,,,,,,,,,,,,,,,,,,,,,,,,,,,,,,,,,,,
160,,,,,,,,,,,,,,,,,,,,,,,,,,,,,,,,,,,,,,,,,,,,,,,,,,,,,,,,,,,,,,,,,,,,,,,,,,,,,,,,,,,,,,,,,,,,,,,,,,,,,,,,,,,,,,,,,,,,,,,,,,,,,,,,,,,,,,,,,,,,,,,,,,,,,,,,,,
161,,,,,,,,,,,,,,,,,,,,,,,,,,,,,,,,,,,,,,,,,,,,,,,,,,,,,,,,,,,,,,,,,,,,,,,,,,,,,,,,,,,,,,,,,,,,,,,,,,,,,,,,,,,,,,,,,,,,,,,,,,,,,,,,,,,,,,,,,,,,,,,,,,,,,,,,,,
162,,,,,,,,,,,,,,,,,,,,,,,,,,,,,,,,,,,,,,,,,,,,,,,,,,,,,,,,,,,,,,,,,,,,,,,,,,,,,,,,,,,,,,,,,,,,,,,,,,,,,,,,,,,,,,,,,,,,,,,,,,,,,,,,,,,,,,,,,,,,,,,,,,,,,,,,,,
163,,,,,,,,,,,,,,,,,,,,,,,,,,,,,,,,,,,,,,,,,,,,,,,,,,,,,,,,,,,,,,,,,,,,,,,,,,,,,,,,,,,,,,,,,,,,,,,,,,,,,,,,,,,,,,,,,,,,,,,,,,,,,,,,,,,,,,,,,,,,,,,,,,,,,,,,,,
164,,,,,,,,,,,,,,,,,,,,,,,,,,,,,,,,,,,,,,,,,,,,,,,,,,,,,,,,,,,,,,,,,,,,,,,,,,,,,,,,,,,,,,,,,,,,,,,,,,,,,,,,,,,,,,,,,,,,,,,,,,,,,,,,,,,,,,,,,,,,,,,,,,,,,,,,,,
165,,,,,,,,,,,,,,,,,,,,,,,,,,,,,,,,,,,,,,,,,,,,,,,,,,,,,,,,,,,,,,,,,,,,,,,,,,,,,,,,,,,,,,,,,,,,,,,,,,,,,,,,,,,,,,,,,,,,,,,,,,,,,,,,,,,,,,,,,,,,,,,,,,,,,,,,,,
166,,,,,,,,,,,,,,,,,,,,,,,,,,,,,,,,,,,,,,,,,,,,,,,,,,,,,,,,,,,,,,,,,,,,,,,,,,,,,,,,,,,,,,,,,,,,,,,,,,,,,,,,,,,,,,,,,,,,,,,,,,,,,,,,,,,,,,,,,,,,,,,,,,,,,,,,,,
167,,,,,,,,,,,,,,,,,,,,,,,,,,,,,,,,,,,,,,,,,,,,,,,,,,,,,,,,,,,,,,,,,,,,,,,,,,,,,,,,,,,,,,,,,,,,,,,,,,,,,,,,,,,,,,,,,,,,,,,,,,,,,,,,,,,,,,,,,,,,,,,,,,,,,,,,,,
168,,,,,,,,,,,,,,,,,,,,,,,,,,,,,,,,,,,,,,,,,,,,,,,,,,,,,,,,,,,,,,,,,,,,,,,,,,,,,,,,,,,,,,,,,,,,,,,,,,,,,,,,,,,,,,,,,,,,,,,,,,,,,,,,,,,,,,,,,,,,,,,,,,,,,,,,,,
169,,,,,,,,,,,,,,,,,,,,,,,,,,,,,,,,,,,,,,,,,,,,,,,,,,,,,,,,,,,,,,,,,,,,,,,,,,,,,,,,,,,,,,,,,,,,,,,,,,,,,,,,,,,,,,,,,,,,,,,,,,,,,,,,,,,,,,,,,,,,,,,,,,,,,,,,,,
170,,,,,,,,,,,,,,,,,,,,,,,,,,,,,,,,,,,,,,,,,,,,,,,,,,,,,,,,,,,,,,,,,,,,,,,,,,,,,,,,,,,,,,,,,,,,,,,,,,,,,,,,,,,,,,,,,,,,,,,,,,,,,,,,,,,,,,,,,,,,,,,,,,,,,,,,,,
