proofed_by,entered_by,band,site,mb_side,recap,sex,how_sexed,initials,date,rwl1,rwl2,rwl3,lts1,lts2,lts3,intact_lts,rts1,rts2,rts3,intact_rts,mass_1,mass_2_date,mass_2,mass_3_date,mass_3,mass_4_date,mass_4,body_feathers,notes,color_top,color_bottom,mb_tape,cb_side,other_marks,lysis,adult_manipulated,adult_treatment,nest_manipulated,nest_treatment,nest_1,old_new_1,mate_band_1,ci_1,eggs_1,hatched_1,day_12_1,success_1,nest_fate_1,notes_1,nest_2,old_new_2,mate_band_2,ci_2,eggs_2,hatched_2,day_12_2,success_2,nest_fate_2,notes_2,nest_3,old_new_3,mate_band_3,ci_3,eggs_3,hatched_3,day_12_3,success_3,nest_fate_3,notes_3,nest_4,old_new_4,mate_band_4,ci_4,eggs_4,hatched_4,day_12_4,success_4,nest_fate_4,notes_4,pairing_notes
HKD,IJM,2850-57659,Blue Cloud,L,N,M,CP,HKD,2022-06-18,120.5,120,120.5,89,89,90,Y,NA,NA,NA,N,18.87,,,,,,,Y,RTS broken,Orange,Dk Blue,NONE,R,"green sharpie on right, caught in back stall by nest 4",Y,N,,N,,4,old,2850-57869,2022-05-22,2,2,2,Y,fledged,,17,old,2850-57869,2022-07-06,4,4,4,Y,fledged,,,,,,,,,,,,,,,,,,,,,,
HKD,IJM,2850-57869,Blue Cloud,R,N,F,BP,APP,2022-06-06,117,117,117,78.5,78,78.5,Y,78,78,78,Y,19.21,,,,,,,Y,caught in back stall at nest 4,Yellow,Yellow,Blue,L,,Y,N,,N,,4,old,2850-57659,2022-05-22,2,2,2,Y,fledged,,17,old,2850-57659,2022-07-06,4,4,4,Y,fledged,,,,,,,,,,,,,,,,,,,,,,
HKD,IJM,2850-57901,Blue Cloud,R,Y,M?,,ASF,2022-05-26,120,120.5,120,89,88.5,89,Y,83,83,83,Y,18.9,,,,,,,Y,"sexed as M in 2021, originally sexed as F in 2022 because apparent BP but other member of pair more clearly F. Asymmetrical TS",Dk Green,Lt Green,White,L,,Y,N,,Y,ibutton,16,old,2850-57572,2022-05-22,2+,0,0,N,fell,"nest failed before clutch completion, not confirmed at this nest, caught in hallway",5,old,2850-57572,2022-05-30,4,1,1,Y,fledged,ibutton nest,5.2,old,2850-57572,2022-07-10,4,4,4,Y,fledged,,,,,,,,,,,,
HKD,IJM,2850-57572,Blue Cloud,R,N,F,BP,RS,2022-05-26,116,116,116,73,73,73,Y,72.5,72.5,72.5,Y,21.39,,,,,,,Y,"caught in middle of barn, in evening",Red,Orange,Blue,L,,Y,N,,Y,ibutton,16,old,2850-57901,2022-05-22,2+,0,0,N,fell,"nest failed before clutch completion, not confirmed at this nest",5,old,2850-57901,2022-05-30,4,1,1,Y,fledged,ibutton nest,5.2,old,2850-57901,2022-07-10,4,4,4,Y,fledged,,,,,,,,,,,,
HKD,IJM,2640-97548,Blue Cloud,R,Y,M,CP,APP,2022-05-06,120,120,120,77,77.5,77,Y,80,80,79.5,Y,20,2022-06-13,19.33,,,,,Y,very dark plumage,White,Black,White,L,,Y,N,,N,,18,old,2850-57612,2022-05-11,5,5,5,Y,fledged,male at nest 18(?),21,old,2850-57612,2022-06-27,5,5,5,Y,fledged,,,,,,,,,,,,,,,,,,,,,,
HKD,IJM,2850-57612,Blue Cloud,L,Y,F,BP,HVK,2022-05-26,124,123,123,83,82.5,82.5,Y,83.5,83,83,Y,18.9,,,,,,,Y,,White,Lt Blue,Green,R,added new green tape 5/26,Y,N,,N,,18,old,2640-97548,2022-05-11,5,5,5,Y,fledged,female at nest 18(?),21,old,2640-97548,2022-06-27,5,5,5,Y,fledged,,,,,,,,,,,,,,,,,,,,,,
HKD,IJM,2850-57565,Blue Cloud,R,Y,M,"color, TS",HKD,2022-06-06,121.5,122,121.5,92.5,92.5,92.5,Y,94,94,94,Y,18.58,,,,,,,Y,,Yellow,Lt Green,Yellow,L,,Y,N,,N,,19,old,2850-57870,2022-05-21,3,3,0,N,failed,caught in shed @ nest 19,24,old,2850-57870,2022-06-22,5,5,5,Y,fledged,,,,,,,,,,,,,,,,,,,,,,
HKD,IJM,2850-57870,Blue Cloud,L,N,F,BP,APP,2022-06-06,120,120.5,120.5,73,73,73.5,Y,73.5,73.5,74,Y,17.45,,,,,,,Y,only have throat feathers,Purple,Yellow,NONE,R,,Y,N,,N,,19,old,2850-57565,2022-05-21,3,3,0,N,failed,caught in shed,24,old,2850-57565,2022-06-22,5,5,5,Y,fledged,,,,,,,,,,,,,,,,,,,,,,
HKD,IJM,2850-57614,Blue Cloud,L,Y,M,CP,RS/SG,2022-05-26,116,116,116.5,92,92,92.5,Y,92.5,92.5,92.5,Y,18.3,,,,,,,Y,caught in stall with nest 22,Dk Blue,Black,White,R,,Y,N,,N,,22,old,2850-57871,2022-05-15,3,2,2,Y,fledged,,14,old,2850-57871,2022-06-27,4,4,4,Y,fledged,,,,,,,,,,,,,,,,,,,,,,
HKD,IJM,2850-57871,Blue Cloud,L,N,F,BP,APP,2022-06-06,118,118,118.5,79,79.5,79,Y,81,81,81,Y,17.56,2022-06-13,17.19,,,,,Y,cut on cheek on left side. Caught in stall with nest 22,Lt Blue,Lt Blue,Green,R,,Y,N,,N,,22,old,2850-57614,2022-05-15,3,2,2,Y,fledged,,14,old,2850-57614,2022-06-27,4,4,4,Y,fledged,,,,,,,,,,,,,,,,,,,,,,
HKD,IJM,2850-57885,Blue Cloud,L,N,F,BP,APP,2022-07-02,118.5,118.5,118.5,82,82,82.5,Y,80,80,80,Y,19.27,2022-07-18,17.5,,,,,Y,caught in gazebo,Dk Blue,Yellow,NONE,R,,Y,N,,N,,26,new?,2870-64905,2022-06-14,4,0,0,N,unhatched,ci estimated,26.2,old,2870-64905,2022-07-09,4,0,0,N,unhatched,,,,,,,,,,,,,,,,,,,,,,
HKD,IJM,2870-64905,Blue Cloud,L,N,M,CP,HKD,2022-07-20,121,121.5,121,90,90,90,Y,90,90,90,Y,15.88,,,,,,,Y,caught in gazebo,Purple,Orange,NONE,R,,Y,N,,N,,26,new?,2850-57885,2022-06-14,4,0,0,N,unhatched,ci estimated,26.2,old,2850-57885,2022-07-09,4,0,0,N,unhatched,,,,,,,,,,,,,,,,,,,,,,
HKD,IJM,2850-57886,Blue Cloud,L,N,F,BP,APP,2022-07-02,121,121,121.5,80,80,80.5,Y,79,79,79,Y,18.71,2022-07-20,16.27,,,,,Y,caught off trailer nest,Dk Green,Red,NONE,R,,Y,N,,N,,27,new,UNB,2022-06-23,4,4,4,N,failed,"ci estimated, nestlings died after we moved nest to back stall of barn ~D17",,,,,,,,,,,,,,,,,,,,,,,,,,,,,,,
IJM,NC,2850-57685,Boyer,R,N,F,BP,NC,2022-07-07,112,112,111.5,75.5,75.5,75,Y,75,75,75,Y,19.79,,,,,,,Y,,NA,NA,NA,NA,green sharpie,Y,N,,N,,,,,,,,,,,,,,,,,,,,,,,,,,,,,,,,,,,,,,,,,,caught in 3rd stall
IJM,NC,2850-57686,Boyer,R,N,M,CP,IJM,2022-07-07,121.5,121,121,98,98,98,Y,95,95.5,95,Y,19.2,,,,,,,Y,,NA,NA,NA,NA,,Y,N,,N,,,,,,,,,,,,,,,,,,,,,,,,,,,,,,,,,,,,,,,,,,caught in 3rd stall
IJM,NC,2850-57687,Boyer,R,N,F,BP,NC,2022-07-07,118,118,118,71.5,71.5,71.5,Y,NA,NA,NA,N,16.18,,,,,,,Y,,NA,NA,NA,NA,green sharpie,Y,N,,N,,,,,,,,,,,,,,,,,,,,,,,,,,,,,,,,,,,,,,,,,,caught in front stall
IJM,NC,2850-57688,Boyer,L,N,F,BP,HKD,2022-07-07,118,118,118,80,80.5,80.5,Y,79,79,79.5,Y,18.51,,,,,,,Y,,NA,NA,NA,NA,green sharpie,Y,N,,N,,,,,,,,,,,,,,,,,,,,,,,,,,,,,,,,,,,,,,,,,,caught in 3rd stall
IJM,NC,2850-57689,Boyer,R,N,M,CP,Unknown,2022-07-07,123,123,123,99,NA,NA,N,98,NA,NA,N,18.68,,,,,,,Y,,NA,NA,NA,NA,green sharpie,Y,N,,N,,,,,,,,,,,,,,,,,,,,,,,,,,,,,,,,,,,,,,,,,,
IJM,NC,2870-64906,Boyer,R,N,M,CP,APP,2022-07-20,124,123.5,124,98.5,98,98.5,Y,NA,NA,NA,N,18.79,,,,,,,Y,,NA,NA,NA,NA,,Y,N,,N,,,,,,,,,,,,,,,,,,,,,,,,,,,,,,,,,,,,,,,,,,tractor shed
IJM,NC,2870-64918,Boyer,R,N,M,CP,APP,2022-08-11,121.5,121,121.5,NA,NA,NA,N,85,85,85.5,Y,17.83,,,,,,,Y,,NA,NA,NA,NA,,Y,N,,N,,,,,,,,,,,,,,,,,,,,,,,,,,,,,,,,,,,,,,,,,,caught under awning by 3rd stall
IJM,NC,2870-64919,Boyer,R,N,unknown,NA,APP,2022-08-11,116,116.5,116,NA,NA,NA,N,NA,NA,NA,N,17.13,,,,,,,Y,just breast feathers collected,NA,NA,NA,NA,,Y,N,,N,,,,,,,,,,,,,,,,,,,,,,,,,,,,,,,,,,,,,,,,,,UNB juvenile caught under awning near 3rd stall
AS,HKD,2600-54932,Cargill,R,Y,M,CP,IJM,2022-07-11,121,121,121,90.5,90.5,90.5,Y,91,91,91,Y,19.33,,,,,,,Y,,Lt Blue,Black,NONE,L,,Y,N,,N,,,,,,,,,,,,,,,,,,,,,,,,,,,,,,,,,,,,,,,,,,
AS,HKD,2850-57693,Cargill,R,N,F,BP,IJM,2022-07-11,115,115,115.5,73.5,73.5,73.5,Y,NA,NA,NA,N,18.84,,,,,,,Y,"lump on belly, dark colour",NA,NA,NA,NA,green sharpie,N ,N,,N,,,,,,,,,,,,,,,,,,,,,,,,,,,,,,,,,,,,,,,,,,
AS,HKD,2850-57896,Cargill,R,N,F,BP,APP,2022-07-11,120,120,120.5,74,74,74.5,Y,75,75,74.5,Y,15.54,,,,,,,Y,,NA,NA,NA,NA,,Y,N,,N,,,,,,,,,,,,,,,,,,,,,,,,,,,,,,,,,,,,,,,,,,
AS,HKD,2850-57897,Cargill,R,N,M,CP,SRG,2022-07-11,118,117.5,118,NA,NA,NA,N,82,82,82,Y,15.82,,,,,,,Y,,NA,NA,NA,NA,yellow sharpie,Y,N,,N,,,,,,,,,,,,,,,,,,,,,,,,,,,,,,,,,,,,,,,,,,
IJM,NC,2850-57666,Cathy's,L,N,M,CP,HKD,2022-06-25,121.5,121.5,121.5,85,85.5,85,Y,84,84,84,Y,18.09,,,,,,,Y,,Orange,Black,NONE,R,,Y,N,,N,,1,old,2850-57667,2022-06-07,5,0,0,N,unhatched,,1.2,old,2850-57667,2022-07-13,4,0,0,N,unhatched,,2,old,2850-57667,2022-08-01,4,1,1,N,failed,1N found dead day 23,,,,,,,,,,,
IJM,NC,2850-57667,Cathy's,L,N,F,BP,HKD,2022-06-25,115,114,114.5,75.5,76,76,Y,77,77,77,Y,16.46,,,,,,,Y,,Lt Blue,Red,NONE,R,,Y,N,,N,,1,old,2850-57666,2022-06-07,5,0,0,N,unhatched,,1.2,old,2850-57666,2022-07-13,4,0,0,N,unhatched,,2,old,2850-57666,2022-08-01,4,1,1,N,failed,1N found dead day 23,,,,,,,,,,,
IJM,NC,2811-83208,CHR,R,Y,M,CP,RJS,2022-06-20,118,118,118,89.5,89.5,89.5,Y,87,87,87,Y,16.9,,,,,,,Y,LTS curled inward,Yellow,Dk Blue,NONE,L,,Y,N,,N,,4,old,2850-57585,2022-05-31,4,3,3,Y,fledged,,4.2,old,2850-57585,2022-07-19,4,4,2,Y,fledged,,,,,,,,,,,,,,,,,,,,,,
IJM,NC,2850-57585,CHR,L,N,F,BP,RS,2022-06-17,121,121,121,76,76,76,Y,76,76,76,Y,15.5,,,,,,,Y,"short, curled TS",Lt Green,White,NONE,R,,Y,N,,N,,4,old,2811-83208,2022-05-31,4,3,3,Y ,fledged,,4.2,old,2811-83208,2022-07-19,4,4,2,Y,fledged,,,,,,,,,,,,,,,,,,,,,,
HKD,NC,2850-57584,CHR,L,N,F,BP,RS,2022-06-17,113,113,113,73.5,74,74,Y,74,74.5,74,Y,17.9,,,,,,,Y,very pale and small,Lt Green,Black,NONE,R,,Y,N,,N,,7,old ,unknown,2022-06-04,5,4,0,N,predated,,9,old,UNB,2022-06-23,4,4,4,Y,fledged,,,,,,,,,,,,,,,,,,,,,,
IJM,NC,2850-57733,CHR,L,Y,M,CP,HKD,2022-06-17,121.5,121.5,122,102,102,102,Y,NA,NA,NA,N,15.66,,,,,,,Y,,Black,Lt Green,NONE,R,,Y ,N,,N,,11,old,UNB,2022-06-25,4,3,3,Y,fledged,likely 2870-64908 but she was UNB while #11 was active so not confirmed,101,old,2870-64908,2022-08-10,4,4,4,Y,fledged,,,,,,,,,,,,,,,,,,,,,,
IJM,NC,2870-64908,CHR,L,N,F,BP,APP,2022-08-07,123,123.5,123,81.5,82,82,Y,80,80,80,Y,18.58,,,,,,,Y,mud on bill,Red,Red,NONE,R,purple sharpie on tail,N ,N,,N,,11,old,2850-57733,2022-06-25,4,3,3,Y,fledged,not confirmed but male at #11 was with UNB female so it is most likely this female,101,old,2850-57733,2022-08-10,4,4,4,Y,fledged,,,,,,,,,,,,,,,,,,,,,,
IJM,NC,2850-57650,CHR,L,N,F,BP,HKD,2022-06-17,116,116.5,116.5,74,74.5,74,Y,74,74.5,74.5,Y,16.49,,,,,,,Y,,Orange,Pink,NONE,R,,Y,N,,N,,25,old,2850-57881,2022-05-23,6,4,4,Y,fledged,,95,old ,2850-57881,2022-07-19,4,3,3,Y,fledged,,,,,,,,,,,,,,,,,,,,,,
IJM,NC,2850-57881,CHR,L,N,M,CP,APP,2022-06-17,120,119.5,119.5,86,85.5,86,Y,85,85,84.5,Y,16.55,,,,,,,Y,right middle toe snapped/damaged. Tip of toes almost fell off by the end of processing,DK Blue,Dk Blue,NONE,R,,Y,N,,N,,25,old,2850-57650,2022-05-23,6,4,4,Y,fledged,,95,old,2850-57650,2022-07-19,4,3,3,Y,fledged,,,,,,,,,,,,,,,,,,,,,,
IJM,NC,2640-97331,CHR,R,Y,F?,BP,HKD,2022-06-17,119,119,119,79,79,79,Y,80,80,79.5,Y,16.76,,,,,,,Y,mud on bill,Orange,Black,NONE,L,,Y,N,,N,,29,old,2850-57808,2022-05-18,5,5,4,Y,fledged,estimated CI,27,old,2850-57808,2022-07-05,4,4,4,Y,fledged,,,,,,,,,,,,,,,,,,,,,,
IJM,NC,2850-57808,CHR,R,Y,M,"CP, color",ASF,2022-08-07,120.5,120.5,120.5,100,100,100,Y,NA,NA,NA,N,17.44,,,,,,,Y,RTS broken,White,Pink,NONE,L,,Y,N,,N,,29,old,2640-97331,2022-05-18,5,5,4,Y,fledged,estimated CI,27,old,2640-97331,2022-07-05,4,4,4,Y,fledged,,,,,,,,,,,,,,,,,,,,,,
IJM,NC,2640-97358,CHR,R,Y,F,BP,HKD,2022-06-17,115,115,115,76.5,76.5,76.5,Y,73,73,73,Y,16.83,,,,,,,Y,,Yellow,Lt Green,NONE,L,,Y,N,,N,,32,old ,2850-57731,2022-05-13,5,5,5,Y,fledged,estimated CI,109,old,2850-57731,2022-07-01,4,0,0,N,unhatched,,32.2,old,2850-57731,2022-08-11,3,3,2,Y,fledged,,,,,,,,,,,,
IJM,NC,2850-57731,CHR,R,Y,M,"CP, color",RS,2022-06-17,119,119,119,92,92,93,Y,91,91,91,Y,15.9,,,,,,,Y,,Yellow,White,NONE,L,,Y,N,,N,,32,old,2640-97358,2022-05-13,5,5,5,Y,fledged,estimated CI,109,old,2640-97358,2022-07-01,4,0,0,N,unhatched,,32.2,old,2640-97358,2022-08-11,3,3,2,Y,fledged,,,,,,,,,,,,
IJM,NC,2850-57586,CHR,L,N,F,BP,RJS,2022-06-20,116.5,116.5,116.5,78.5,79,79,Y,79,79,78.5,Y,19.4,2022-07-21,20.15,,,,,Y,,Purple,Dk Blue,NONE,R,,Y,N,,Y,ibutton,33,old,2850-57669,2022-05-31,5,0,0,N,unhatched,not confirmed because both birds at #33 were UNB and then eggs were never hatched. Possible new clutch laid in same nest so likely it was the same pair there the whole time. Ibutton,33.2,old,2850-57669,2022-07-06,1,0,0,N,unhatched,estimated CI,149,new,2850-57669,2022-07-24,5,4,NA,NA,NA,2N seen but nestlings were never banded ,,,,,,,,,,,
IJM,NC,2850-57669,CHR,R,N,M,CP,HKD,2022-06-28,124,123.5,124,90,90,90,Y,89.5,89.5,90,Y,17.82,,,,,,,Y,,Lt Blue,Lt Green,NONE,L,,Y,N,,Y,ibutton,33,old,2850-57586,2022-05-31,5,0,0,N,unhatched,not confirmed because both birds at #33 were UNB and then eggs were never hatched. Possible new clutch laid in same nest so likely it was the same pair there the whole time. Ibutton,33.2,old,2850-57586,2022-07-06,1,0,0,N,unhatched,estimated CI,149,new,2850-57586,2022-07-24,5,4,NA,NA,NA,2N seen but nestlings were never banded ,,,,,,,,,,,
IJM,NC,2850-57735,CHR,R,Y,F,BP,RS,2022-06-17,116,116,116,79,80,80,Y,78.5,78.5,78.5,Y,17.4,,,,,,,Y,"Recaptured 7/11/22, leg is crooked but not hecrotic, seems like she will survive",Lt Green,Purple,NONE,L,,Y,N,,N,,37,old,2850-57806,2022-05-18,5,5,3,Y,fledged,estimated CI; only 2 fledged,119,old,2850-57806,2022-07-09,4,2,2,Y,fledged,,,,,,,,,,,,,,,,,,,,,,
IJM,NC,2850-57806,CHR,R,Y,M,CP,APP,2022-06-17,120,120,120.5,86,86,86,Y,83.5,84,84,Y,15.88,2022-07-11,16.36,,,,,Y,,Dk Green,White,NONE,L,,Y,N,,N,,37,old,2850-57735,2022-05-18,5,5,3,Y,fledged,estimated CI; only 2 fledged,96,old,2850-57568,2022-05-18,5,5,4,Y,fledged,estimated CI,119,old,2850-57735,2022-07-09,4,2,2,Y,fledged,,96.2,old,2850-57568,2022-07-10,5,4,3,Y,fledged,,attending two different nests for 1st and 2nd broods!
IJM,NC,2850-57620,CHR,L,Y,M,"CP, color",ZML ,2022-06-17,121,121,121,84,84,84,Y,87,87,87,Y,18.2,,,,,,,Y,"tip of bill bent, dark breast color",Black,Yellow,NONE,R,,Y,N,,N,,39,old,2850-57649,2022-05-31,4,4,4,Y,fledged,,39.2,old,2850-57649,2022-07-19,4,4,4,Y,fledged,,,,,,,,,,,,,,,,,,,,,,
IJM,NC,2850-57649,CHR,L,N,F,BP,HKD,2022-06-17,116,116,116,NA,NA,NA,N,73.5,73.5,73.5,Y,17.01,,,,,,,Y,missing whole left half of tail,Orange,Purple,NONE,R,,Y,N,,N,,39,old,2850-57620,2022-05-31,4,4,4,Y,fledged,,39.2,old,2850-57620,2022-07-19,4,4,4,Y,fledged,,,,,,,,,,,,,,,,,,,,,,
HKD,NC,2850-57567,CHR,L,Y,M,"CP, color",RS,2022-06-17,121.5,121.5,121.5,102.5,102.5,102.5,Y,102,102.5,102,Y,16.6,,,,,,,Y,,DK Blue,White,NONE,R,,Y,N,,N,,43,old,2850-57736,2022-05-29,5,5,4,Y,fledged,,,,,,,,,,,,,,,,,,,,,,,,,,,,,,,,
HKD,NC,2850-57736,CHR,R,Y,F,BP,APP,2022-06-17,117,117,117.5,75,75,74.5,Y,73,73,73,Y,18.71,,,,,,,Y,,Orange,DK Green,NONE,L,,Y,N,,N,,43,old,2850-57567,2022-05-29,5,5,4,Y,fledged,,,,,,,,,,,,,,,,,,,,,,,,,,,,,,,,
IJM,NC,2850-57646,CHR,L,N,M,"CP, TS",HKD,2022-06-17,118,118,118,92,92,92,Y,93,93,92.5,Y,16.25,,,,,,,Y,,Lt Blue,Lt Blue,NONE,R,,Y,N,,N,,54,old,UNB,2022-05-30,4,0,0,N,unhatched,,54.2,old,UNB,2022-07-05,4,3,3,N ,predated,"nestlings were gone from nest 3 days after banding, too early to fledge so predation assumed",,,,,,,,,,,,,,,,,,,,,
HKD,NC,2850-57571,CHR,L,Y,F,BP,APP,2022-06-17,119,119.5,119,86,86,85.5,Y,79.5,79,79,N,20.23,,,,,,,Y,,White,Red,NONE,R,,Y,N,,N,,58,old,2850-57579,2022-05-24,4,3,3,Y,fledged,,139,old,2850-57880,2022-06-18,4,3,1?,NA,NA,no nestlings banded because they either were predated or got too old. Unsure what happened only 1N seen on D13,,,,,,,,,,,,,,,,,,,,,two different mates
HKD,NC,2850-57579 ,CHR,R,N,M,CP,RS,2022-06-17,118.5,118.5,118.5,92,92,92,Y,93.5,93.5,93.5,Y,16.3,,,,,,,Y,,DK Blue,Lt Blue,NONE,L,,Y,N,,N,,58,old,2850-57571,2022-05-24,4,3,3,Y,fledged,Divorced after 1st brood? Not detected during 2nd broods,,,,,,,,,,,,,,,,,,,,,,,,,,,,,,,divorced after 1st brood
HKD,NC,2850-57581,CHR,L,N,M,"CP, color",RS,2022-06-17,116,116,116,83,83,83,Y,82.5,82.5,82.5,Y,15.5,,,,,,,Y,curly LTS,White,Yellow,NONE,R,,Y,N,,N,,66,old,2850-57652,2022-05-22,3,3,3,Y,fledged,,16,old,2850-57652,2022-06-10,4,4,4,Y,fledged,,,,,,,,,,,,,,,,,,,,,,
HKD,NC,2850-57652,CHR,L,N,F,BP,HKD,2022-06-17,110.5,110.5,110.5,72,72,72,Y,74,74,74,Y,15.44,,,,,,,Y,,Dk Green,Yellow,NONE,R,,Y,N,,N,,66,old,2850-57581,2022-05-22,3,3,3,Y,fledged,,16,old,2850-57581,2022-06-10,4,4,4,Y,fledged,,,,,,,,,,,,,,,,,,,,,,
IJM,NC,2850-57670,CHR,R,N,F,BP,ASF,2022-06-28,119,119,118.5,80,80,80,Y,NA,NA,NA,N,18.2,,,,,,,Y,,Pink,Orange,NONE,L,,Y,N,,N,,73,old,2850-57671,2022-06-04,5,5,5,Y,fledged,1N found dead on day 14,,,,,,,,,,,,,,,,,,,,,,,,,,,,,,,caught off nest #73
IJM,NC,2850-57671,CHR,L,N,M,CP,HKD,2022-06-28,118,118,117.5,83.5,83,83,Y,75.5,76,76,N,17.53,,,,,,,Y,RTS regrowing; mud on bill,DK Blue,Pink,NONE,R,,Y ,N,,N,,73,old,2850-57670,2022-06-04,5,5,5,Y ,fledged,1N found dead on day 14,,,,,,,,,,,,,,,,,,,,,,,,,,,,,,,
IJM,NC,2850-57582,CHR,R,N,M,"CP, color",RS,2022-06-17,118,118,118,86,86,86,Y,88.5,88.5,88.5,Y,15.9,,,,,,,Y,,Orange,Yellow,NONE,L,,Y,N,,N,,74,old,2850-57746,2022-05-30,4,3,3,Y,fledged,,148,new,2870-64909,2022-07-30,5,5,5,Y,fledged,1N found dead after others fledged,6,old,2850-57746,2022-07-21,5,4,4,Y,fledged,,,,,,,,,,,,attending two nests for 2nd broods!
IJM,NC,2850-57746,CHR,R,N,F,BP,ZML ,2022-06-17,116,116,115.5,NA,NA,NA,N,78,78,78,Y,16.91,,,,,,,Y,No LTS,Red,DK Green,NONE,L,,Y,N,,N,,74,old,2850-57582,2022-05-30,4,3,3,Y,fledged,,6,old,2850-57582,2022-07-21,5,4,4,Y,fledged,,,,,,,,,,,,,,,,,,,,,,
IJM,NC,2850-57737,CHR,L,Y,F,BP,ZML ,2022-06-17,120,120,120,83,83,83,Y,83,83,83,Y,17.59,2022-07-21,18.54,,,,,Y,,Black,Purple,NONE,R,,Y,N,,N,,76,old ,UNB,2022-06-07,5,0,0,N,predated,,12,old,UNB,2022-07-03,4,3,3,Y,fledged,,,,,,,,,,,,,,,,,,,,,,
IJM,NC,2850-57696,CHR,R,N,F,BP,HKD,2022-07-11,114,114,114,73,73.5,73,Y,70,69.5,70,Y,17.85,2022-07-21,17.32,,,,,Y,,Lt Green,Dk Blue,NONE,L,,Y,N,,N,,77,old,UNB,2022-05-13,5,3,3,Y,fledged,estimated CI,77.2,old,UNB,2022-07-03,4,4,4,Y,fledged,2N dead in nest so 2N fledged,,,,,,,,,,,,,,,,,,,,,caught off nest #77
IJM,NC,2850-57656,CHR,L,N,F,BP,HKD,2022-06-17,116,116,115.5,76,76,75.5,Y,76,76,76,Y,17.54,,,,,,,Y,,Yellow,Dk Blue,NONE,R,,Y,N,,N,,78,old,2850-57744,2022-06-08,5,5,5,Y,fledged,,78.2,old,UNB,2022-07-30,4,4,4,Y,fledged,,,,,,,,,,,,,,,,,,,,,,original mate died or she decided to switch for 2nd brood
IJM,NC,2850-57744,CHR,R,N,M,CP,ZML ,2022-06-17,116,116,116,NA,NA,NA,N,84.5,84.5,84.5,Y,14.77,,,,,,,Y,no LTS,White,Lt Blue,NONE,L,,Y,N,,N,,78,old,2850-57656,2022-06-08,5,5,5,Y,fledged,,,,,,,,,,,,,,,,,,,,,,,,,,,,,,,,female he was paired with had a new UNB mate for her second brood
IJM,NC ,2850-57580,CHR,R,N,M,CP,RS,2022-06-17,117.5,117.5,117.5,NA,NA,NA,N,87.5,88,88,Y,16.2,,,,,,,Y,LTS missing,Lt Blue,Lt Blue,NONE,L,,Y,N,,N,,80,old,2850-57654,2022-06-01,4,4,4,Y ,fledged,estimated CI,,,,,,,,,,,,,,,,,,,,,,,,,,,,,,,
IJM,NC,2850-57654,CHR,R,N,F,BP,HKD,2022-06-17,117,116.5,116.5,81,81,81,Y,80,80,79.5,Y,16.58,,,,,,,Y,,Yellow,Dk Blue,NONE,L,,Y,N,,N,,80,old,2850-57580,2022-06-01,4,4,4,Y,fledged,estimated CI,,,,,,,,,,,,,,,,,,,,,,,,,,,,,,,
IJM,NC,2850-57655,CHR,L,N,F,BP,HKD?,2022-06-17,118,117.5,117.5,NA,NA,NA,N,76,76,76,Y,15.59,,,,,,,Y,,Black,Lt Blue,NONE,R,,Y,N,,N,,82,old,2850-57745,2022-05-26,5,1,0,N,predated,,115,old,2850-57745,2022-06-30,3,0,0,N,unhatched,,,,,,,,,,,,,,,,,,,,,,
IJM,NC,2850-57745,CHR,R,N,M,"CP, TS",ZML ,2022-06-17,118,118,118,86,86,86,Y,85,85,85,Y,16.33,,,,,,,Y,,Pink,Purple,NONE,L,,Y,N,,N,,82,old,2850-57655,2022-05-26,5,1,0,N,predated,,115,old,2850-57655,2022-06-30,3,0,0,N,unhatched,"never confirmed, but most likeley this male at 115",,,,,,,,,,,,,,,,,,,,,
IJM,NC,2811-82969,CHR,L,Y,M,CP,RJS,2022-06-17,122,122,122,71.5,71.5,71.5,Y,NA,NA,NA,N,17.85,,,,,,,Y,missing RTS,Dk Green,Lt Green,NONE,R,,Y,N,,N,,85,old,2850-57882,2022-05-30,NA,NA,NA,Y,fledged,"was unable to check nest after CI because of horse in stall, but saw 3N begging from outside the nest",,,,,,,,,,,,,,,,,,,,,,,,,,,,,,,
IJM,NC,2850-57882,CHR,R,N,F,BP,APP,2022-06-17,119,119,119,84,84,84.5,Y,86.5,86.5,87,Y,18.54,,,,,,,Y,,Lt Green,Lt Green,NONE,L,,Y,N,,N,,85,old,2811-82969,2022-05-30,NA,NA,NA,Y,fledged,"was unable to check nest after CI because of horse in stall, but saw 3N begging from outside the nest",,,,,,,,,,,,,,,,,,,,,,,,,,,,,,,
IJM,NC,2850-57588,CHR,R,N,F,BP,NC,2022-06-20,120,120,119.5,77,77,76.5,Y,79,78,78,Y,18.1,,,,,,,Y,,Pink,Red,NONE,L,,Y,N,,N,,86,old,2850-57653,2022-05-31,4,0,0,N,unhatched,,45,old,2850-57653,2022-07-03,5,4,3,Y,fledged,,,,,,,,,,,,,,,,,,,,,,
IJM,NC,2850-57653,CHR,R,N,M,CP,HKD,2022-06-17,119.5,119,119.5,76,76,77,Y,78,78,78,Y,16.37,,,,,,,Y,,Red,Purple,NONE,L,,Y,N,,N,,86,old,2850-57588,2022-05-31,4,0,0,N,unhatched,,45,old,2850-57588,2022-07-03,5,4,3,Y,fledged,,,,,,,,,,,,,,,,,,,,,,
IJM,NC,2640-97588,CHR,L,Y,M,CP,RJS,2022-07-11,119,119,119,85,85,85,Y,87,87,87,Y,18.7,2022-07-21,18.94,,,,,Y,,Lt Blue,DK Green,NONE,R,,Y,N,,N,,93,old,2850-57730,2022-05-14,5,5,5,Y ,fledged,estimated CI,93.2,old,2850-57730,2022-07-01,5,4,4,Y,fledged,,,,,,,,,,,,,,,,,,,,,,
IJM,NC,2850-57730,CHR,R,Y,F,BP,RJS,2022-07-11,117,117,117,79,79,79,Y,78.5,78.5,78.5,Y,19.1,2022-07-21,17.47,,,,,Y,bands switched from mb L cb R of last year to mb R cb L this year,Pink,Yellow,NONE,L,,Y,N,,N,,93,old,2640-97588,2022-05-14,5,5,5,Y ,fledged,estimated CI,93.2,old,2640-97588,2022-07-01,5,4,4,Y,fledged,,,,,,,,,,,,,,,,,,,,,,
IJM,NC,2850-57568,CHR,L,Y,F,BP,HKD,2022-06-17,118,118,118,NA,NA,NA,N,79.5,79.5,79.5,Y,15.37,,,,,,,Y,,Pink,Orange,NONE,R,,Y,N,,N,,96,old,2850-57806,2022-05-18,5,5,4,Y,fledged,estimated CI,96.2,old,2850-57806,2022-07-10,5,4,3,Y,fledged,,,,,,,,,,,,,,,,,,,,,,
HKD,NC,2850-57583,CHR,L,N,F,BP,RS,2022-06-17,114.5,114,114.5,79,79,79,Y,79,79.5,79,Y,17.7,,,,,,,Y,"TS curled, frayed",DK Blue,Black,NONE,R,,Y,N,,N,,97,old,2850-57589,2022-05-28,5,5,5,Y,fledged,,19,old,2850-57589,2022-06-20,4,4,4,Y,fledged,,,,,,,,,,,,,,,,,,,,,,
HKD,NC,2850-57589,CHR,R,N,M,"TS, CP",RS,2022-06-20,119.5,120,120,96.5,96.5,96.5,Y,97,97,97,Y,17.5,,,,,,,Y,,Lt Green,Yellow,NONE,L,,Y,N,,N,,97,old,2850-57583,2022-05-28,5,5,5,Y ,fledged,,19,old,2850-57583,2022-06-20,4,4,4,Y,fledged,,,,,,,,,,,,,,,,,,,,,,
IJM,NC,2850-57578,CHR,L,N,M,CP,RS,2022-06-17,119,119,119,91.5,91.5,91.5,Y,91.5,91.5,91.5,Y,17.2,,,,,,,Y,,Lt Blue,Dk Blue,NONE,R,,Y,N,,N,,99,old,2850-57883,2022-06-06,5,5,5,Y,fledged,,99.2,old,2850-57883,2022-07-26,4,4,4,Y,fledged,,,,,,,,,,,,,,,,,,,,,,
IJM,NC,2850-57883,CHR,R,N,F,BP,APP,2022-06-17,118,118,118,NA,NA,NA,N,78,78,77.5,Y,16.69,,,,,,,Y,LTS broken,Red,Yellow,NONE,L,,Y,N,,N,,99,old,2850-57578,2022-06-06,5,5,5,Y,fledged,,99.2,old,2850-57578,2022-07-26,4,4,4,Y,fledged,,,,,,,,,,,,,,,,,,,,,,
HKD,IJM,2640-97589,CHR,R,Y,M,CP,RS,2022-06-17,119,119,119,98,98,98,Y,99.5,99.5,100,Y,16.1,,,,,,,Y,tail streamers curled,Black,White,NONE,L,,Y,N,,N,,102,old,2811-38984,2022-05-16,5,3,3,Y,fledged,ci estimated,102.2,old,2811-38984,2022-07-04,5,4,4,Y,fledged,,,,,,,,,,,,,,,,,,,,,,
HKD,IJM,2811-38984,CHR,R,Y,F,BP,RS,2022-06-17,116,116,116,81.5,81.5,81.5,Y,81.5,81.5,81.5,Y,15.8,2022-07-21,17.89,,,,,Y,,Red,Lt Blue,NONE,L,,Y,N,,N,,102,old,2640-97589,2022-05-16,5,3,3,Y,fledged,ci estimated,102.2,old,2640-97589,2022-07-04,5,4,4,Y,fledged,,,,,,,,,,,,,,,,,,,,,,
IJM,NC,2850-57846,CHR,R,Y,F,BP,APP,2022-06-17,118,118.5,118,80,80,80,Y,79.5,80,80,Y,17.29,,,,,,,Y,curled tail streamers,Purple,DK Green,NONE,L,,Y,N,,N,,110,old ,2850-57742,2022-05-21,4,4,4,Y,fledged,estimated CI,52,old,2850-57742,2022-07-06,5,5,4,Y,fledged,,,,,,,,,,,,,,,,,,,,,,
IJM,NC,2850-57742,CHR,R,N,M,"CP, TS",ZML ,2022-06-17,118,118,118,92,92,92,Y,93,93,93,Y,16.98,2022-07-21,18.49,,,,,Y,,White,White,NONE,L,,Y,N,,N,,110,old,2850-57846,2022-05-21,4,4,4,Y,fledged,estimated CI,52,old,2850-57846,2022-07-06,5,5,4,Y,fledged,,,,,,,,,,,,,,,,,,,,,,
IJM,NC,2850-57647,CHR,L,N,M,"CP, TS",HKD,2022-06-17,122,122,122.5,87.5,87.5,87,Y,86,85.5,86,Y,15.8,,,,,,,Y,,White,White,NONE,R,,Y,N,,N,,112,old,2850-57879,2022-06-05,5,4,4,Y,fledged,,112.2,old,2850-57879,2022-07-29,5,4,4,Y,fledged,,,,,,,,,,,,,,,,,,,,,,
IJM,NC,2850-57879,CHR,R,N,F,BP,APP,2022-06-17,125,124.5,125,86.5,86.5,87,Y,NA,NA,NA,N,19.28,,,,,,,Y,missing RTS,Orange,Purple,NONE,L,,Y,N,,N,,112,old,2850-57647,2022-06-05,5,4,4,Y,fledged,,112.2,old,2850-57647,2022-07-29,5,4,4,Y,fledged,,,,,,,,,,,,,,,,,,,,,,
IJM,NC,2850-57577,CHR,L,N,M,CP,RS,2022-06-17,119,119,119,91,91.5,91,Y,90.5,91,91,Y,18.2,,,,,,,Y,,Yellow,White,NONE,R,,Y,N,,N,,128,old,2870-65003,2022-06-10,4,4,4,Y,fledged,,150,new,2870-65003,2022-07-29,5,5,1,Y,fledged,,,,,,,,,,,,,,,,,,,,,,
IJM,NC,2870-65003,CHR,L,N,F,BP,RJS,2022-07-11,114,114,114,75,75,75,Y,75,75,75,Y,16.1,,,,,,,Y,,Red,Orange,NONE,R,,Y,N,,N,,128,old,2850-57577,2022-06-10,4,4,4,Y,fledged,,150,new,2850-57577,2022-07-29,5,5,1,Y,fledged,,,,,,,,,,,,,,,,,,,,,,
HKD,NC,2850-57570,CHR,L,Y,M,CP,ZML ,2022-06-17,121.5,121.5,121.5,NA,NA,NA,N,90,90,90,Y,16.51,,,,,,,Y,no lts ,White,Orange,NONE,R,,Y,N,,N,,133,old,2850-57648,2022-06-10,3,1,1,Y,fledged,,151,new,2850-57648,2022-06-30,4,3,3,N,failed,3N found dead in nest after day 12,,,,,,,,,,,,,,,,,,,,,
HKD,NC,2850-57648,CHR,R,N,F,BP,HKD,2022-06-17,120,119.5,120,76,76,76,Y,77,77,77,Y,17.74,,,,,,,Y,,DK Blue,Yellow,NONE,L,,Y,N,,N,,133,old,2850-57570,2022-06-10,3,1,1,Y,fledged,,151,new,2850-57570,2022-06-30,4,3,3,N,failed,3N found dead in nest after day 12,,,,,,,,,,,,,,,,,,,,,
HKD,NC,2850-57880,CHR,R,N,M,CP,APP,2022-06-17,121,121,121.5,101,101,100.5,Y,101.5,102,102,Y,16.81,,,,,,,Y,both TS bent,Black,Lt Blue,NONE,L,,Y,N,,N,,139,old,2850-57571,2022-06-18,4,3,1?,NA,NA,no N banded because were predated or got too old. unsure what happened but only 1N seen on D13. Paired with a female who was with a different male during first broods,,,,,,,,,,,,,,,,,,,,,,,,,,,,,,,paired w/ female who was with a different male for first brood
IJM,NC ,2870-65004,CHR,R,N,F,BP,SG,2022-07-11,117,117.5,117,80,80.5,80.5,Y,82,82.5,82.5,Y,18.3,,,,,,,Y,,Pink,DK Green,NONE,L,,Y,N,,N,,145,new,UNB,2022-06-27,3,3,3,Y,fledged,,,,,,,,,,,,,,,,,,,,,,,,,,,,,,,,caught off #145
IJM,NC,2870-64909,CHR,R,N,F,BP,APP,2022-08-07,117.5,117.5,118,73.5,73,73,Y,72,72,72,Y,17.46,,,,,,,Y,,Black,Red,NONE,L,,Y,N,,N,,148,new,2850-57582,2022-07-30,5,5,5,Y,fledged,1N found dead after others fledged ,,,,,,,,,,,,,,,,,,,,,,,,,,,,,,,
HKD,IJM,2811-83409,CHR,L,Y,F,BP,RS,2022-06-20,112,112,112,73,73.5,73,Y,73,73,73,Y,16.9,,,,,,,Y,not assigned to any nest as of 8/3/22,Dk Green,Dk Green,NONE,R,,Y,N,,N,,,,,,,,,,,,,,,,,,,,,,,,,,,,,,,,,,,,,,,,,,not assigned to any nest as of 8/3/22
IJM,NC,2850-57587,CHR,L,N,M,CP,RS,2022-06-20,NA,NA,NA,NA,NA,NA,N,111,111,111,Y,19.2,,,,,,,Y,LTS + 9th primary broken ,Black,Dk Green,NONE,R,,Y,N,,N,,,,,,,,,,,,,,,,,,,,,,,,,,,,,,,,,,,,,,,,,,not assigned to any nest as of 8/3/22
HKD,IJM,2850-57651,CHR,L,N,F,BP,HKD,2022-06-17,121,121,121,76,76,75.5,Y,NA,NA,NA,N,17.17,,,,,,,Y,not assigned to any nest as of 8/3/22,White,DK Green,NONE,R,,Y,N,,N,,,,,,,,,,,,,,,,,,,,,,,,,,,,,,,,,,,,,,,,,,not assigned to any nest on 8/3/22
HKD,IJM,2850-57657,CHR,R,N,M,CP,SRG,2022-06-17,117,117,117.5,81,81,81,Y,81,81.5,81.5,Y,16.32,,,,,,,Y,not assigned to any nest as of 8/3/22,Orange,Orange,NONE,L,,Y,N,,N,,,,,,,,,,,,,,,,,,,,,,,,,,,,,,,,,,,,,,,,,,not assigned to any nest as of 8/3/22
HKD,IJM,2850-57658,CHR,L,N,F,BP,NC,2022-06-17,115.5,116,115.5,72,72,72,Y,71.5,71,71.5,Y,15.3,,,,,,,Y,not assigned to any nest as of 8/3/22,Pink,White,NONE,R,,Y,N,,N,,,,,,,,,,,,,,,,,,,,,,,,,,,,,,,,,,,,,,,,,,not assigned to any nest as of 10/10/22
HKD,IJM,2850-57743,CHR,R,N,M,CP,ZML ,2022-06-17,117.5,117.5,117,86,86,86,Y,84,84,84,Y,16.44,,,,,,,Y,not assigned to any nest as of 8/3/22,Lt Green,Orange,NONE,L,,Y,N,,N,,,,,,,,,,,,,,,,,,,,,,,,,,,,,,,,,,,,,,,,,,not assigned to any nest as of 10/10/22
HKD,IJM,2850-57884,CHR,L,N,F,BP,APP,2022-06-17,122,122,122,78,78,78.5,Y,NA,NA,NA,N,19.01,,,,,,,Y,missing RTS. not assigned to any nest as of 8/3/22,Red,Purple,NONE,R,,Y,N,,N,,,,,,,,,,,,,,,,,,,,,,,,,,,,,,,,,,,,,,,,,,not assigned to any nest as of 10/10/22
HKD,IJM,2870-64907,CHR,L,N,M,CP,APP,2022-08-07,119,119,119,90,90,90,Y,89,89,89.5,Y,14.88,,,,,,,Y,not assigned to any nest as of 10/10/22,Black,Orange,NONE,R,green sharpie on tail,Y,N,,N,,,,,,,,,,,,,,,,,,,,,,,,,,,,,,,,,,,,,,,,,,not assigned to any nest as of 10/10/22
HKD,IJM,2870-64910,CHR,R,N,F,BP,HKD,2022-08-07,118,118,118,81,81,81,Y,82,82,82.5,Y,14.74,,,,,,,Y,not assigned to any nest as of 10/10/22,Orange,Lt Green,NONE,L,,Y,N,,N,,,,,,,,,,,,,,,,,,,,,,,,,,,,,,,,,,,,,,,,,,not assigned to any nest as of 10/10/22
HKD,IJM,2870-64911,CHR,R,N,unknown,NA,APP,2022-08-07,NA,NA,NA,NA,NA,NA,NA,NA,NA,NA,NA,14.95,,,,,,,N,fledgling,NA,NA,NONE,NA,,Y,N,,N,,,,,,,,,,,,,,,,,,,,,,,,,,,,,,,,,,,,,,,,,,
IJM,HKD,2850-57633,Cooks,R,Y,M,CP,HKD,2022-07-01,121.5,121,121,88.5,88.5,89,Y,89,89,89,Y,17.94,2022-07-18,18.16,,,,,Y,,Black,Yellow,NONE,L,,Y,N,,Y,ibutton,2,old,2850-57637,2022-05-23,5,1,1,Y,fledged,ibutton nest,22,old,2850-57637,2022-07-06,3,0,0,N,predated,,22.2,old,2850-57637,2022-07-23,4,0,0,N,unhatched,,,,,,,,,,,,
IJM,NC ,2850-57637,Cooks,L,N,F,BP,HKD,2022-05-28,115,115,114,76,76,76,Y,73,73,73,Y,23.06,2022-07-01,17.71,,,,,Y,caught in back stall; biting at fingers,Purple,Dk Green,NONE,R,,Y,N,,Y,ibutton,2,old,2850-57633,2022-05-23,5,1,1,Y,fledged,ibutton nest,22,old,2850-57633,2022-07-06,3,0,0,N,predated,,22.2,old,2850-57633,2022-07-23,4,0,0,N,unhatched,,,,,,,,,,,,
IJM,HKD,2850-57574,Cooks,R,N,M,CP,RS,2022-05-28,121,121,121,90,90,90,Y,88,88,88,Y,18.7,,,,,,,Y,,Purple,Red,Blue,L,,Y,N,,N,,4,old,2850-57575,2022-06-02,4,4,4,Y,fledged,,,,,,,,,,,,,,,,,,,,,,,,,,,,,,,,
IJM,HKD,2850-57575,Cooks,L,N,F,BP,RS,2022-05-28,118,118.5,118,76.5,76.5,76.5,Y,73,74,73,Y,19.8,2022-06-24,17.37,2022-07-01,16.24,,,Y,"(5/28/22)  streamers curled, ratty looking. Remeasured TS on 6/24, LTS: 73.5, 73.5, 74. RTS: 72, 72, 72. ",White,Orange,Blue,R,,Y,N,,N,,4,old,2850-57574,2022-06-02,4,4,4,Y,fledged,,,,,,,,,,,,,,,,,,,,,,,,,,,,,,,,
IJM,HKD,2850-57557,Cooks,L,Y,M,CP,IJM,2022-06-24,117,117,117,83.5,84,83.5,Y,84,84,84,Y,18.25,,,,,,,Y,,Lt Blue,Lt Green,NONE,R,,Y,N,,N,,6,old,2850-57609,2022-05-15,5,5,5,Y,fledged,apparently left the barn after 1st brood,,,,,,,,,,,,,,,,,,,,,,,,,,,,,,,
IJM,HKD,2850-57609,Cooks,L,Y,F,BP,RS,2022-05-28,116,116.5,116,74,74,74,Y,74,74,74,Y,18.1,,,,,,,Y,,Pink,Lt Blue,Red,R,,Y,N,,N,,6,old,2850-57577,2022-05-15,5,5,5,Y,fledged,apparently left the barn after 1st brood,,,,,,,,,,,,,,,,,,,,,,,,,,,,,,,
HKD,IJM,2850-57675,Cooks,R,N,M,CP,NC,2022-07-01,120.5,120.5,120.5,90,90.5,90,Y,88,87.5,87.5,Y,16.13,2022-07-18,16.8,,,,,Y,,Dk Green,Red,White,L,no tape,Y,N,,N,,13,old,2850-57749,2022-07-04,4,4,4,N,failed,all 4N found dead day 16 covered in mites,,,,,,,,,,,,,,,,,,,,,,,,,,,,,,,
HKD,IJM,2850-57749,Cooks,R,N,F,BP,ASF,2022-07-27,118,118,118,NA,NA,NA,NA,NA,NA,NA,NA,NA,,,,,,,Y,"measurements not taken because had to remove band + bird was stressed; no color combo was added, had to remove band since it was put on too tightly (was fine on the first squeeze, second squeeze caused it to overlap); leg skin was scraped/bled a bit but seemed to be clotting; bird was breathing heavily when let go but otherwise appeared fine; band 2850-57748 removed and destroyed",NA,NA,NONE,NA,,Y,N,,N,,13,old,2850-57675,2022-07-04,4,4,4,N,failed,all 4N found dead day 16 covered in mites,,,,,,,,,,,,,,,,,,,,,,,,,,,,,,,
HKD,IJM,2850-57672,Cooks,L,N,F,BP,HKD,2022-06-29,119.5,120,120,78,78,78,Y,77.5,78,78,Y,15.52,,,,,,,Y,probably female at #17,Red,Yellow,NONE,R,,Y,N,,N,,17,old,2850-57673,2022-06-01,4,4,4,Y,fledged,,7,old,2850-57673,2022-07-29,1,0,0,N,predated,,,,,,,,,,,,,,,,,,,,,,
HKD,IJM,2850-57673,Cooks,L,N,M,CP,HKD,2022-06-29,121.5,121,121,86.5,86.5,86,Y,86,86,86,Y,16.42,,,,,,,Y,probably male at #17,Pink,Pink,NONE,R,,Y,N,,N,,17,old,2850-57672,2022-06-01,4,4,4,Y,fledged,,7,old,2850-57672,2022-07-29,1,0,0,N,predated,,,,,,,,,,,,,,,,,,,,,,
IJM,HKD,2850-57664,Cooks,R,N,F,BP,NC,2022-06-24,114.5,114.5,114.5,74,74,74,Y,74,74,74,Y,20.15,,,,,,,Y,,Dk Blue,Yellow,Green,L,,Y,N,,N,,27,old,2850-57676,2022-06-18,4,4,4,Y,fledged,,,,,,,,,,,,,,,,,,,,,,,,,,,,,,,,
IJM,HKD,2850-57676,Cooks,L,N,M,CP,ASF,2022-07-01,115,115,115.5,71.5,71.5,71.5,Y,74,74,74.5,Y,15.04,,,,,,,Y,,Black,Red,NONE,R,,Y,N,,N,,27,old,2850-57664,2022-06-18,4,4,4,Y,fledged,,,,,,,,,,,,,,,,,,,,,,,,,,,,,,,,
IJM,HKD,2850-57853,Cooks,L,Y,F,BP,RS,2022-05-28,114,114,114,80,80.5,80.5,Y,78.5,78.5,78.5,Y,20.9,2022-07-18,18.54,,,,,Y,caught with pink powder from nest 29 5/28/22. ,White,White,Green,R,,Y,N,,N,,29,old,2850-57638,2022-05-13,5,5,5,Y,fledged,,8,old,2850-57638,2022-07-02,5,5,5,N,failed,all 5N found dead day 17 covered in mites,,,,,,,,,,,,,,,,,,,,,
IJM,HKD,2850-57638,Cooks,L,N,M,"TS, color",HKD,2022-05-28,122,122,122,105,105,105,Y,99,99,99,Y,16.53,,,,,,,Y,TS asymmetrical,Black,White,Green,R,,Y,N,,N,,29,old,2850-57853,2022-05-13,5,5,5,Y,fledged,,8,old,2850-57853,2022-07-02,5,5,5,N,failed,all 5N found dead day 17 covered in mites,,,,,,,,,,,,,,,,,,,,,
HKD,IJM,2850-57573,Cooks,L,N,M,CP,RS,2022-05-28,117,117,117.5,87,87,87,Y,87,88,87.5,Y,18.3,,,,,,,Y,"tails curled and a bit rough, caught near front entrance/horse stall",Orange,Orange,NONE,R,tail streamers curled and a bit rough,Y,N,,Y,ibutton,31,old,2850-57663,2022-05-29,4,4,4,Y,fledged,ibutton nest,14,old,2850-57663,2022-07-19,4,4,4,Y,fledged,,,,,,,,,,,,,,,,,,,,,,
HKD,IJM,2850-57663,Cooks,R,N,F,BP,IJM,2022-06-24,115.5,115.5,115,78.5,78.5,78.5,Y,67,67,67,N,15.86,,,,,,,Y,,Orange,Dk Blue,Green,L,no tape,Y,N,,Y,ibutton,31,old,2850-57573,2022-05-29,4,4,4,Y,fledged,ibutton nest,14,old,2850-57573,2022-07-19,4,4,4,Y,fledged,,,,,,,,,,,,,,,,,,,,,,
IJM,HKD,2850-57700,Cooks,L,N,F,BP,HKD,2022-07-18,115.5,115,115.5,73,72.5,72.5,Y,73.5,73.5,73.5,Y,18.41,,,,,,,Y,"caught off nest #33, very wiggly and squawky",Dk Blue,Purple,NONE,R,,Y,N,,N,,33,old,2870-64915,2022-07-06,4,4,4,Y,fledged,,,,,,,,,,,,,,,,,,,,,,,,,,,,,,,,
IJM,HKD,2870-64915,Cooks,L,N,M,CP,APP,2022-08-10,120,120,119.5,91.5,91.5,92,Y,92.5,92.5,92.5,Y,16.13,,,,,,,Y,,Dk Blue,Lt Blue,NONE,R,,Y,N,,N,,33,old,2850-57700,2022-07-06,4,4,4,Y,fledged,,,,,,,,,,,,,,,,,,,,,,,,,,,,,,,,
IJM,NC,2850-57665,Cooks,L,N,M,CP,IJM,2022-06-24,125.5,125.5,125,94.5,94.5,94,Y,NA,NA,NA,N,18.44,2022-07-18,17.63,,,,,Y,No color bands given because missing right foot - named Pirate,NA,NA,NONE,NA,,Y,N,,N,,,,,,,,,,,,,,,,,,,,,,,,,,,,,,,,,,,,,,,,,,floater male? not asigned to any nest as of 10/12/22
IJM,NC,2870-64914,Cooks,L,N,F,BP,APP,2022-08-10,114,114,114,72,72,72,Y,72,72,72.5,Y,16.29,,,,,,,Y,,LT Green,Yellow,NONE,R,,Y,N,,N,,,,,,,,,,,,,,,,,,,,,,,,,,,,,,,,,,,,,,,,,,"UNB female caught in barn late in the season, not assigned any nest"
IJM,NC,2811-83207,Dome House,R,Y,F,BP,HKD,2022-06-13,118,118,118,75,75,75.5,Y,76,76,75.5,Y,18.67,,,,,,,Y,,Orange,Purple,Green,L,,Y,N,,N,,1,old,2850-57643,2022-06-02,3,2,2,Y,fledged,,2,old,2850-57643,2022-07-17,5,4,4,N,failed,4N found dead D14,,,,,,,,,,,,,,,,,,,,,
IJM,NC,2850-57643,Dome House,R,N,M,CP,HKD,2022-06-13,121.5,122,122,89,89.5,89,Y,89.5,89.5,89,Y,18,,,,,,,Y,,Dk Green,Red,NONE,L,,Y,N,,N,,1,old,2811-83207,2022-06-02,3,2,2,Y,fledged,,2,old,2811-83207,2022-07-17,5,4,4,N,failed,4N found dead D14,,,,,,,,,,,,,,,,,,,,,
IJM,NC,2811-00632,Erica's,R,Y,M,TS,ASF,2022-06-10,126,126,126,98,98,98,N,101,101,101.5,Y,19.7,,,,,,,Y,,Red,Lt Blue,NONE,L,,Y,N,,N,,1,old?,2850-57741,2022-05-22,3,3,0,N ,predated,Ci estimated ,2,old,2850-57741,2022-06-23,4,4,0,N,failed,CI estimated; chicks likely died from heat,3,old,2850-57741,2022-07-24,5,2,0,N,predated,,,,,,,,,,,,
IJM,NC,2850-57741,Erica's,L,N,F,BP,HKD,2022-06-10,113.5,114,113.5,NA,NA,NA,N,73,73,73,Y,17.9,,,,,,,Y,LTS is broken,LT Green,Black,NONE,R,,Y,N,,N,,1,old?,2811-00632,2022-05-22,3,3,0,N,predated,CI estimated,2,old,2811-00632,2022-06-23,4,4,0,N,failed,CI estimated; chicks likely died from heat,3,old,2811-00632,2022-07-24,5,2,0,N,predated,,,,,,,,,,,,
IJM,NC,2350-21096,Grizz,R,Y,F,BP,RJS,2022-07-14,116,116,116,NA,NA,NA,N,77.5,77.5,77.5,Y,18.6,,,,,,,Y,,Pink,Orange,NONE,L,,Y,N,,N,,,,,,,,,,,,,,,,,,,,,,,,,,,,,,,,,,,,,,,,,,
IJM,NC,2850-57519,Grizz,R,Y,F,BP,ZML ,2022-07-14,123,123,123,78,78,78,Y,79,79,79,Y,19.83,,,,,,,Y,,Black,Dk Green,NONE,L,green sharpie,Y,N,,N,,,,,,,,,,,,,,,,,,,,,,,,,,,,,,,,,,,,,,,,,,
IJM,NC,2850-57560,Grizz,NA,Y,M,CP,RJS,2022-07-14,121,121,121,95,95,95,Y,96,96,96,Y,17.8,,,,,,,Y,,Red,Purple,NONE,NA,yellow sharpie,Y,N,,N,,,,,,,,,,,,,,,,,,,,,,,,,,,,,,,,,,,,,,,,,,
IJM,NC,2870-65008,Grizz,NA,NA,unknown ,NA,SG?,2022-07-14,NA,NA,NA,NA,NA,NA,NA,NA,NA,NA,NA,NA,,,,,,,N,,NA,NA,NA,NA,,N ,N,,N,,,,,,,,,,,,,,,,,,,,,,,,,,,,,,,,,,,,,,,,,,
IJM,NC,2850-57697,Grizz,L,N,M,CP,HKD,2022-07-14,118.5,118.5,118.5,88,88.5,88,Y,89,88.5,89,Y,16.17,,,,,,,Y,,NA,NA,NA,NA,red sharpie,Y,N,,N,,,,,,,,,,,,,,,,,,,,,,,,,,,,,,,,,,,,,,,,,,
IJM,NC,2850-57898,Grizz,L,N,M,no brood patch,ZML ,2022-07-14,118,118,118,85.5,85.5,85.5,Y,88,88,88,Y,16.13,,,,,,,Y,,NA,NA,NA,NA,green sharpie,Y,N,,N,,,,,,,,,,,,,,,,,,,,,,,,,,,,,,,,,,,,,,,,,,
IJM,NC,2850-57900,Grizz,R,N,F,BP,APP,2022-07-14,115,115,115.5,NA,NA,NA,N,73.5,73.5,74,Y,16.88,,,,,,,Y,,NA,NA,NA,NA,purple sharpie,Y,N,,N,,,,,,,,,,,,,,,,,,,,,,,,,,,,,,,,,,,,,,,,,,
IJM,NC,2870-64901,Grizz,R,N,F,BP,NC,2022-07-14,115,115,115,69,69,69,Y,69,69,69,Y,16.49,,,,,,,Y,,NA,NA,NA,NA,,Y,N,,N,,,,,,,,,,,,,,,,,,,,,,,,,,,,,,,,,,,,,,,,,,
IJM,NC,2870-64903,Grizz,R,N,F,BP,NC,14-Jul,114.5,114.5,115,74,74.5,74,Y,73,73,73,Y,18.46,,,,,,,Y,,NA,NA,NA,NA,,Y,N,,N,,,,,,,,,,,,,,,,,,,,,,,,,,,,,,,,,,,,,,,,,,
IJM,NC,2870-64904,Grizz,R,N,M?,CP,IJM,2022-07-14,124,124,124,90,90.5,90.5,Y,NA,NA,NA,N,18.48,,,,,,,Y,,NA,NA,NA,NA,green sharpie,Y,N,,N,,,,,,,,,,,,,,,,,,,,,,,,,,,,,,,,,,,,,,,,,,
IJM,NC,2870-65005,Grizz,L,N,F,BP,RJS,2022-07-14,117.5,117.5,117.5,74,74,74,Y,74,74,74,Y,19.1,,,,,,,Y,,NA,NA,NA,NA,yellow sharpie,Y,N,,N,,,,,,,,,,,,,,,,,,,,,,,,,,,,,,,,,,,,,,,,,,
IJM,NC,2870-65006,Grizz,L,N,unknown,NA,RJS,2022-07-14,NA,NA,NA,NA,NA,NA,NA,NA,NA,NA,NA,NA,,,,,,,N,fledgling,NA,NA,NA,NA,,N ,N,,N,,,,,,,,,,,,,,,,,,,,,,,,,,,,,,,,,,,,,,,,,,
IJM,NC,2870-65007,Grizz,L,N,F,BP,RJS,2022-07-14,117.5,117.5,117.5,81.5,81.5,81.5,Y,79,80,79,Y,16.5,,,,,,,Y,,NA,NA,NONE,NA,,Y,N,,N,,,,,,,,,,,,,,,,,,,,,,,,,,,,,,,,,,,,,,,,,,
IJM,NC,2870-65009,Grizz,R,N,F,BP,SRG,2022-07-14,116,116,116.5,74,74.5,74.5,Y,75.5,75.5,75.5,Y,17.3,,,,,,,Y,,NA,NA,NA,NA,,Y,N,,N,,,,,,,,,,,,,,,,,,,,,,,,,,,,,,,,,,,,,,,,,,
AS,HKD,2870-64912,James Ditch,R,N,F,BP,APP,2022-08-09,118,118,118,77,77,77.5,Y,77.5,77,77.5,Y,17.21,,,,,,,Y,"nest not monitored, at least one attempt with 3E and 3N fledged",White,Purple,NONE,L,,Y,N,,N,,unknown,unknown,2870-64913,unknown,unkown,unknown,unknown,unknown,unknown,"nest not monitored, at least one attempt with 3E and 3N fledged",,,,,,,,,,,,,,,,,,,,,,,,,,,,,,,
AS,HKD,2870-64913,James Ditch,R,N,M,CP,APP,2022-08-09,119.5,120,120,74,74,74.5,Y,85,85,84.5,Y,17.38,,,,,,,Y,"nest not monitored, at least one attempt with 3E and 3N fledged",Dk Green,Purple,NONE,L,,Y,N,,N,,unknown,unknown,2870-64912,unknown,unkown,unknown,unknown,unknown,unknown,"nest not monitored, at least one attempt with 3E and 3N fledged",,,,,,,,,,,,,,,,,,,,,,,,,,,,,,,
IJM,NC,2850-57751,Jays,L,N,M,CP,ASF,2022-08-15,124,124,124,NA,NA,NA,N,96,96,96,Y,17.75,,,,,,,Y,many feathers fell off one at a time,Black,Black,NONE,R,,Y,N,,N,,1,old,2850-57660,2022-07-23,4,0,0,N,predated,not confirmed ,,,,,,,,,,,,,,,,,,,,,,,,,,,,,,,caught adjacent to the one active nest; no other birds in barn; couldn't officially confirm ID
IJM,NC,2850-57636,Jays,L,Y,M,CP,ASF,2022-06-23,121,121,121,91.5,92,92,Y,94,94,94,Y,17.07,,,,,,,Y,,Dk Blue,Orange,NONE,R,,Y,N,,N,,2,new,2850-57660,2022-06-22,3+,0,0,N,unhatched,,,,,,,,,,,,,,,,,,,,,,,,,,,,,,,,male died after 1st attempt and was found by site owner
IJM,NC,2850-57660,Jays,L,N,F,BP,NC,2022-06-23,115,115,115,73.5,73.5,73.5,Y,NA,NA,NA,N,16.57,,,,,,,Y,RTS broken/almost completely gone,Lt Blue,Dk Green,White,R,,Y,N,,N,,2,new,2850-57636,2022-06-22,3+,0,0,N,unhatched,,1,old,2850-57751,2022-07-23,4,0,0,N,predated,,,,,,,,,,,,,,,,,,,,,,
IJM,NC,2850-57661,Karen's ,L,N,F,BP,NC ,2022-06-24,120,120,120,79.5,79.5,79.5,Y,78.5,78.5,78,Y,16.65,,,,,,,Y,,Lt Blue,Yellow,NONE,R,,Y,N,,Y,ibutton,1,old?,2850-57662,2022-05-30,4,3,0,N,predated,ibutton,1.2,old ,2850-57662,2022-07-05,5,3,3,Y,fledged,,,,,,,,,,,,,,,,,,,,,,
IJM,NC,2850-57662,Karen's ,R,N,M,CP,ASF,2022-06-24,120,120,120,NA,NA,NA,N,NA,NA,NA,N,17.29,,,,,,,Y,both tail streamers regrowing,Red,White,NONE,L,,Y,N,,Y,ibutton,1,old?,2850-57661,2022-05-30,4,3,0,N,predated,ibutton,1.2,old ,2850-57661,2022-07-05,5,3,3,Y,fledged,,,,,,,,,,,,,,,,,,,,,,
IJM,NC,2850-57874,Make Believe,L,N,F,BP,APP,2022-06-07,117,117,117.5,74,74,74,Y,75,75,75,Y,20.24,,,,,,,Y,,Black,Dk Green,NONE,R,,Y,N,,N,,8,old,2850-57875,2022-05-31,4,4,4,Y,fledged,,8.2,old,2850-57875,2022-07-16,5,0,0,N,unhatched,,,,,,,,,,,,,,,,,,,,,,caught in side barn 
IJM,NC,2850-57875,Make Believe,L,N,M,CP,APP,2022-06-07,120,120,120,78.5,78,78,Y,85,85.5,85,Y,18.35,2022-06-14,18.04,2022-07-04,17.34,,,Y,,Pink,Lt Green,NONE,R,,Y,N,,N,,8,old,2850-57874,2022-05-31,4,4,4,Y,fledged,,8.2,old,2850-57874,2022-07-16,5,0,0,N,unhatched,,,,,,,,,,,,,,,,,,,,,,caught in side barn 
IJM,NC,2850-57877,Make Believe,R,N,M,CP,"APP, SR",2022-06-14,120,120.5,120.5,NA,NA,NA,N,81,80.5,81,Y,17.41,,,,,,,Y,missing LTS,Yellow,Red,Yellow,L,,Y,N,,N,,13,old,2850-57878,2022-06-14,5,3,3,Y,fledged,,,,,,,,,,,,,,,,,,,,,,,,,,,,,,,,caught in side barn 
IJM,NC,2850-57878,Make Believe,L,N,F,BP,"SR, APP",2022-06-14,118.5,118,118,69.5,70,70,Y,69,69,69,Y,19.77,,,,,,,Y,,Dk Green,Yellow,Blue,R,,Y,N,,N,,13,old ,2850-57877,2022-06-14,5,3,3,Y,fledged,,,,,,,,,,,,,,,,,,,,,,,,,,,,,,,,side barn 
IJM,NC,2850-57518,Make Believe,R,Y,M,CP,HKD,2022-06-14,123,122.5,123,NA,NA,NA,N,101,101.5,101,Y,18.14,,,,,,,Y,LTS broken,Yellow,Orange,NONE,L,,Y,N,,N,,14,old,2850-57576,2022-05-28,5,4,4,Y ,fledged,,69,old ,2850-57576,2022-07-14,4,2,2,N,failed ,dead in nest D18,,,,,,,,,,,,,,,,,,,,,caught near #14
IJM,NC,2850-57576,Make Believe,R,N,F,BP,HKD,2022-06-02,118,118,118,79,79.5,79.5,Y,79,79.5,79,Y,17.9,2022-06-14,17.59,,,,,Y,,Black,Pink,White,L,,Y,N,,N,,14,old,2850-57518,2022-05-28,5,4,4,Y ,fledged,,69,old ,2850-57518,2022-07-14,4,2,2,N,failed ,dead in nest D18,,,,,,,,,,,,,,,,,,,,,
IJM,NC,2850-57872,Make Believe,R,N,F,BP,APP,2022-06-07,120.5,120.5,120,79.5,79.5,79.5,Y,80,80,80,Y,19.12,2022-06-25,16.67,,,,,Y,,Dk Green,Red,NONE,L,,Y,N,,N,,26,old ,2850-57873,2022-05-30,4,4,4,Y,fledged,,48,new,2850-57873,2022-07-19,4,4,4,Y,fledged,"2N found dead, 2N fledged",,,,,,,,,,,,,,,,,,,,,caught in hallway net in front door
IJM,NC,2850-57873,Make Believe,L,N,M,"CP, TS",APP,2022-06-07,121.5,121.5,122,94,93.5,94,Y,91.5,91.5,91.5,Y,17.78,,,,,,,Y,,Red,White,NONE,R,,Y,N,,N,,26,old,2850-57872,2022-05-30,4,4,4,Y,fledged,,48,new,2850-57872,2022-07-19,4,4,4,Y,fledged,"2N found dead, 2N fledged",,,,,,,,,,,,,,,,,,,,,
IJM,NC,2850-57635,Make Believe,R,Y,F,BP,SRG/HKD,2022-06-25,121,120,121,75.5,75.5,75.5,Y,75,75,75.5,Y,17.99,,,,,,,Y,,Purple,White,NONE,L,,Y,N,,N,,34,old,2850-57668,2022-05-31,5,4,4,Y,fledged,,38,old ,2850-57668,2022-07-18,5,4,4,Y,fledged,,,,,,,,,,,,,,,,,,,,,,
IJM,NC,2850-57668,Make Believe,R,N,M,CP,SRG/HKD,2022-06-25,115,115,116,81,81,81.5,Y,79,79.5,79.5,Y,15.92,,,,,,,Y,,Lt Blue,Lt Blue,Blue,L,,Y,N,,N,,34,old,2850-57635,2022-05-31,5,4,4,Y,fledged,,38,old ,2850-57635,2022-07-18,5,4,4,Y,fledged,,,,,,,,,,,,,,,,,,,,,,
IJM,NC,2850-57680,Make Believe,L,N,M,CP,NC,2022-07-04,121,121,121,82,82,82,Y,82.5,82.5,82.5,Y,17.36,,,,,,,Y,,Black,Black,NONE,R,,Y,N,,N,,62,old,2850-57876,2022-06-10,4,0,0,N,unhatched,,,,,,,,,,,,,,,,,,,,,,,,,,,,,,,,caught in side shed
IJM,NC,2850-57876,Make Believe,L,N,F,BP,SR/APP,2022-06-14,117.5,118,118,75,75,75,Y,72,72,72,Y,19.4,,,,,,,Y,,Purple,Orange,Yellow,R,,Y,N,,N,,62,old,2850-57680,2022-06-10,4,0,0,N,unhatched,,62.2,old ,2850-57750,2022-07-14,3,0,0,N,unhatched,,,,,,,,,,,,,,,,,,,,,,caught in shed; mated w/ 2 diff males for 1st and 2nd attempt 
IJM,NC,2850-57750,Make Believe,R,N,M,CP,APP,2022-08-11,122,122,121.5,83.5,83.5,83.5,?,78.5,78,78,Y,16.91,,,,,,,Y,,White,Dk Green,NONE,L,,Y,N,,N,,62.2,old,2850-57876,2022-07-14,3,0,0,N,unhatched,,,,,,,,,,,,,,,,,,,,,,,,,,,,,,,,caught in side shed. Never officially confirmed but very likely male at nest 62.2
IJM,NC,2350-21085,Make Believe,R,Y,M,CP,RS,2022-06-02,119,119,119,NA,NA,NA,N,84.5,84.5,84.5,Y,18.2,,,,,,,Y,,Dk Green,Pink,NONE,L,,Y,N,,N,,73,old,2640-97596,2022-05-16,5,5,5,Y,fledged,,73.2,old ,2640-97596,2022-07-05,5,5,5,Y,fledged,,,,,,,,,,,,,,,,,,,,,,caught in side nest near nest 73
IJM,NC,2640-97596,Make Believe,R,Y,F,BP,HKD,2022-06-02,114,114.5,114,74,74,74,Y,75,75,75,Y,19.6,,,,,,,Y,,Dk Blue,Orange,NONE,L,,Y,N,,N,,73,old,2350-21085,2022-05-16,5,5,5,Y,fledged,,73.2,old ,2350-21085,2022-07-05,5,5,5,Y,fledged,,,,,,,,,,,,,,,,,,,,,,
AS,HKD,2850-57691,Marte's,R,N,M,CP,SG,2022-07-07,118,117.5,117.5,73,73,73.5,Y,77,77,76.5,Y,17.13,,,,,,,Y,"nests not monitored regularly, metal band only",NA,NA,NA,NA,,Y,N,,N,,1?,unknown,2850-57692,unknown,unkown,unknown,3,Y,fledged,"1st brood had 3 chicks (2 fledged), one chick died during nestling banding",2?,?,2850-57692,unknown,3,3,3,Y,fledged,"nestlings banded, nest monitored by site owner",,,,,,,,,,,,,,,,,,,,,
AS,HKD,2850-57692,Marte's,R,N,F,BP,SG,2022-07-07,114,114,113.5,73,73,73.5,Y,72,72,71.5,Y,NA,,,,,,,Y,no mass because bird got away,NA,NA,NA,NA,,Y,N,,N,,1?,unknown,2850-57691,unknown,unkown,unknown,3,Y,fledged,"1st brood had 3 chicks (2 fledged), one chick died during nestling banding",2?,?,2850-57691,unknown,3,3,3,Y,fledged,"nestlings banded, nest monitored by site owner",,,,,,,,,,,,,,,,,,,,,
IJM,NC,2850-57550,Mary Ann's,L,Y,F,BP,APP,2022-08-10,118,118,118,79,79,79,Y,79,79,78.5,Y,18.59,,,,,,,Y,,Pink,Pink,Blue,R,had blue tape but we removed it to read band # and did not replace,Y,N,,N,,1,old,2870-64916,2022-07-29,4,4,1,N,failed ,estimated Ci; last N found dead D19,,,,,,,,,,,,,,,,,,,,,,,,,,,,,,,
IJM,NC,2870-64916,Mary Ann's,R,N,M,CP,APP,2022-08-10,130,129.5,129.5,NA,NA,NA,N,98,98.5,98.5,Y,19.58,,,,,,,Y,,Dk Blue,Red,NONE,L,,Y,N,,N,,1,old,2850-57550,2022-07-29,4,4,1,N,failed ,estimated Ci; last N found dead D19,,,,,,,,,,,,,,,,,,,,,,,,,,,,,,,
IJM,NC,2870-64917,Mary Ann's,R,N,NA,NA,HKD,2022-08-10,115.5,115,115,NA,NA,NA,N,NA,NA,NA,N,15.88,,,,,,,Y,no tail measures or sex bc juvenile,NA,NA,NA,NA,,Y,N,,N,,,,,,,,,,,,,,,,,,,,,,,,,,,,,,,,,,,,,,,,,,
HKD,AS,2850-57590,Maya's,L,N,F,BP,RJS,2022-07-03,124,124,124,84.5,84.5,84.5,Y,81.5,81.5,82,Y,19.2,,,,,,,Y,"yellow sharpie on LTS, no colour bends",NA,NA,NA,NA,,Y,N,,N,,,,,,,,,,,,,,,,,,,,,,,,,,,,,,,,,,,,,,,,,,
HKD,AS,2850-57591,Maya's,L,N,F,BP,RJS,2022-07-03,115,115.5,115.5,78.5,78.5,78.5,Y,76.5,76.5,76.5,Y,17,,,,,,,Y,,NA,NA,NA,NA,yellow sharpie on tail,Y,N ,,N,,,,,,,,,,,,,,,,,,,,,,,,,,,,,,,,,,,,,,,,,,
HKD,AS,2850-57592,Maya's,L,N,F,BP,RJS,2022-07-03,121,121,121,86,86,86,Y,85.5,85.5,85,Y,19.8,,,,,,,Y,,NA,NA,NA,NA,yellow sharpie on tail,Y,N,,N,,,,,,,,,,,,,,,,,,,,,,,,,,,,,,,,,,,,,,,,,,
HKD,AS,2850-57593,Maya's,L,N,M,CP,RJS,2022-07-03,118.5,118,118.5,88,88,88,Y,87,87,87,Y,18,,,,,,,Y,,NA,NA,NA,NA,yellow sharpie,Y,N,,N,,,,,,,,,,,,,,,,,,,,,,,,,,,,,,,,,,,,,,,,,,
HKD,AS,2850-57594,Maya's,L,N,F,BP,RJS,2022-07-03,119,119,119,75,75,75,Y,75,75,75,Y,17.5,,,,,,,Y,,NA,NA,NA,NA,,Y,N,,N,,,,,,,,,,,,,,,,,,,,,,,,,,,,,,,,,,,,,,,,,,
HKD,AS,2850-57595,Maya's,L,N,M,CP,RJS,2022-07-03,121.5,121.5,121.5,104,104,104,Y,NA,NA,NA,N,17.9,,,,,,,Y,RTS broken,NA,NA,NA,NA,,Y,N,,N,,,,,,,,,,,,,,,,,,,,,,,,,,,,,,,,,,,,,,,,,,
HKD,AS,2850-57596,Maya's,L,N,F,BP,RJS,2022-07-03,115,115,115,76,76,76,Y,74,74.5,74.5,Y,17.1,,,,,,,Y,,NA,NA,NA,NA,,Y,N,,N,,,,,,,,,,,,,,,,,,,,,,,,,,,,,,,,,,,,,,,,,,
HKD,AS,2850-57597,Maya's,L,N,M,CP,RJS,2022-07-03,119.5,119.5,119.5,NA,NA,NA,N,90,90,90,Y,16.9,,,,,,,Y,,NA,NA,NA,NA,,Y,N,,N,,,,,,,,,,,,,,,,,,,,,,,,,,,,,,,,,,,,,,,,,,
HKD,AS,2850-57677,Maya's,R,N,M,CP,HKD,2022-07-03,121.5,121,121,91.5,91,91.5,Y,90.5,91,91,Y,17.43,,,,,,,Y,,NA,NA,NA,NA,green sharpie,Y,N,,N,,,,,,,,,,,,,,,,,,,,,,,,,,,,,,,,,,,,,,,,,,
HKD,AS,2850-57678,Maya's,L,N,M,CP,HKD,2022-07-03,119,119,118.5,NA,NA,NA,N,93,93.5,93.5,Y,17.11,,,,,,,Y,RTS broken,NA,NA,NA,NA,green sharpie,Y,N,,N,,,,,,,,,,,,,,,,,,,,,,,,,,,,,,,,,,,,,,,,,,
HKD,AS,2850-57747,Maya's,L,N,F,BP,ASF,2022-07-03,119,119,119.5,81,81,81.5,Y,81,81,81,Y,18.4,,,,,,,Y,,NA,NA,NA,NA,yellow sharpie on tail,Y,N,,N,,,,,,,,,,,,,,,,,,,,,,,,,,,,,,,,,,,,,,,,,,
IJM,AS,2850-57887,Maya's,R,N,F,BP,APP,2022-07-03,119,118.5,119,73,72.5,72.5,Y,73.5,73.5,74,Y,18.5,,,,,,,Y,,NA,NA,NA,NA,,Y,N,,N,,,,,,,,,,,,,,,,,,,,,,,,,,,,,,,,,,,,,,,,,,
IJM,AS,2850-57888,Maya's,R,N,F,BP,APP,2022-07-03,118.5,118.5,119,76,76,76,Y,77,77,76.5,Y,18.1,,,,,,,Y,,NA,NA,NA,NA,,Y,N,,N,,,,,,,,,,,,,,,,,,,,,,,,,,,,,,,,,,,,,,,,,,
IJM,AS,2850-57889,Maya's,R,N,M,CP,APP,2022-07-03,118,118,118.5,87.5,87.5,88,Y,NA,NA,NA,N,16.1,,,,,,,Y,,NA,NA,NA,NA,,Y,N,,N,,,,,,,,,,,,,,,,,,,,,,,,,,,,,,,,,,,,,,,,,,
IJM,AS,2850-57890,Maya's,R,N,M,CP,ASF,2022-07-03,119.5,120,120,94,94,94,Y,92,92,92,Y,17.9,,,,,,,Y,,NA,NA,NA,NA,yellow sharpie on tail,Y,N,,N,,,,,,,,,,,,,,,,,,,,,,,,,,,,,,,,,,,,,,,,,,
IJM,HKD,2850-57639,McCauley,L,N,M,"CP, color",ASF,2022-06-07,121,120.5,121,91,91,91,Y,87.5,88,88,Y,19.46,,,,,,,Y,small infection on toe,Orange,Dk Green,NONE,R,,Y,N,,N,,1,old,2850-57640,2022-05-23,2,2,2,Y,fledged,,2,old,2850-57640,2022-07-07,5,4,4,Y,fledged,,,,,,,,,,,,,,,,,,,,,,at nest #1 in barn
IJM,HKD,2850-57640,McCauley,L,N,F,BP,HKD/ASF,2022-06-07,117,117,117,70,70,70,Y,71,71,71,Y,19.54,,,,,,,Y,,Lt Blue,Pink,NONE,R,,Y,N,,N,,1,old,2850-57639,2022-05-23,2,2,2,Y,fledged,,2,old,2850-57639,2022-07-07,5,4,4,Y,fledged,,,,,,,,,,,,,,,,,,,,,,
IJM,HKD,2850-57752,McCauley,R,N,M,CP,ASF,2022-08-15,122,122,121.5,89,89,89,Y,94,94,94,Y,15.94,,,,,,,Y,,Lt Green,White,NONE,L,,Y,N,,N,,4,new,2850-57753,2022-07-20,5,5,4,Y,fledged,possible that this nest was built early in the season when we weren't allowd to go upstairs in the barn. Possibly a true 2nd brood and we missed the 1st brood,,,,,,,,,,,,,,,,,,,,,,,,,,,,,,,
IJM,HKD,2850-57753,McCauley,L,N,F,BP,APP,2022-08-15,116,116,116,83.5,83.5,84,Y,82,82,82,Y,16.54,,,,,,,Y,"had less belly/vent feathers than normal, under feathers (belly/vent) were showing, feathers are darker/black. ",White,Dk Blue,NONE,R,,Y,N,,N,,4,new,2850-57752,2022-07-20,5,5,4,Y,fledged,possible that this nest was built early in the season when we weren't allowd to go upstairs in the barn. Possibly a true 2nd brood and we missed the 1st brood,,,,,,,,,,,,,,,,,,,,,,,,,,,,,,,
AS,HKD,2850-57690,Plumbumpy,R,N,M,CP,HKD,2022-07-07,119,119.5,119,NA,NA,NA,N,89,89.5,89,Y,17.98,,,,,,,Y,LTS tip broken. Metal band only,NA,NA,NA,NA,,Y,N,,N,,,,,,,,,,,,,,,,,,,,,,,,,,,,,,,,,,,,,,,,,,
AS,HKD,2850-57694,Quick,R,N,M,CP,SG,2022-07-11,116,115.5,116,84.5,84,84.5,Y,83,83.5,83.5,Y,16.96,,,,,,,Y,"caught in shop with playback, probably had nest in loafing shed that failed earlier",NA,NA,NA,NA,,Y,N,,N,,,,,,,,,,,,,,,,,,,,,,,,,,,,,,,,,,,,,,,,,,
AS,HKD,2850-57695,Quick,R,N,M,CP,HKD,2022-07-11,122,121.5,122,95,95,95,Y,91,90.5,91,Y,18.75,,,,,,,Y,"caught in middle stall of barn, likely at nest in hallway previously where nestlings died",NA,NA,NA,NA,,Y,N,,N,,,,,,,,,,,,,,,,,,,,,,,,,,,,,,,,,,,,,,,,,,
AS,NC,2850-57619,Reinarz,L,Y,M,CP,ASF,2022-06-25,120,120,120,90,90,90,Y,90.5,91,90.5,Y,17.3,,,,,,,Y,,Orange,Lt Blue,NONE,R,,Y,N,,N,,,,,,,,,,,,,,,,,,,,,,,,,,,,,,,,,,,,,,,,,,
IJM,NC,2811-39093,Schaap ,R,Y,M,CP,RJS,2022-07-05,119,119,119,88.5,88.5,88.5,Y,90.5,90.5,90.5,Y,17.7,,,,,,,Y,"horse hair wound around left leg/metal band, removed band from swollen L leg and placed on R leg; born at Grizz 2021",NA,NA,NA,NA,,Y,N,,N,,,,,,,,,,,,,,,,,,,,,,,,,,,,,,,,,,,,,,,,,,
IJM,NC,2811-83402,Schaap ,L,Y,F,BP,NC,2022-07-05,115,115,115,72,72,72,Y,71,71.5,71,Y,17.12,,,,,,,Y,Born at make believe 2021,NA,NA,NA,NA,,Y,N,,N,,,,,,,,,,,,,,,,,,,,,,,,,,,,,,,,,,,,,,,,,,
IJM,NC,2850-57563,Schaap ,R,Y,M,CP,RJS,2022-07-05,117,117,117,88,88,88,Y,89,89,89,Y,16.4,,,,,,,Y,,Lt Green,Red,NONE,R,Yellow sharpie ,Y,N,,N,,,,,,,,,,,,,,,,,,,,,,,,,,,,,,,,,,,,,,,,,,
IJM,NC,2850-57604,Schaap ,R,Y,F,BP,RJS,2022-07-05,120,120,120,81.5,82,81.5,Y,81.5,81.5,81.5,Y,19,,,,,,,Y,caught with food in bill,Dk Blue,Black,NONE,L,yellow sharpie; green tape removed ,Y,N,,N,,,,,,,,,,,,,,,,,,,,,,,,,,,,,,,,,,,,,,,,,,
IJM,NC,2850-57607,Schaap ,L,Y,M,CP,APP,2022-07-05,119,119,119,94,94,93.5,Y,95,95,95,Y,17.02,,,,,,,Y,,White,Lt Blue,NONE,R,,Y,N,,N,,,,,,,,,,,,,,,,,,,,,,,,,,,,,,,,,,,,,,,,,,
IJM,NC,2850-57701,Schaap ,L,Y,M,CP,RJS,2022-07-05,119,119,119,NA,NA,NA,N,90,90,90,Y,18.1,,,,,,,Y,,Black,Dk Blue,NONE,R,,Y,N,,N,,,,,,,,,,,,,,,,,,,,,,,,,,,,,,,,,,,,,,,,,,
IJM,NC,2850-57904,Schaap ,R,Y,F,BP,RJS,2022-07-05,115.5,116,115.5,NA,NA,NA,N,75,75,75,Y,19.1,,,,,,,Y,,Lt Blue,Orange,NONE,L,sharpie,Y,N,,N,,,,,,,,,,,,,,,,,,,,,,,,,,,,,,,,,,,,,,,,,,
IJM,NC,2850-57598,Schaap ,L,N,M,CP,RJS,2022-07-05,119,119.5,119,96,96,96,Y,NA,NA,NA,N,16.7,,,,,,,Y,,NA,NA,NA,NA,,Y,N,,N,,,,,,,,,,,,,,,,,,,,,,,,,,,,,,,,,,,,,,,,,,
IJM,NC,2850-57600,Schaap ,L,N,M,"CP, color",RJS,2022-07-05,118.5,118.5,118.5,68,68,68,N,82,82,82,Y,16.4,,,,,,,Y,LTS growing back ,NA,NA,NA,NA,,Y,N,,N,,,,,,,,,,,,,,,,,,,,,,,,,,,,,,,,,,,,,,,,,,
IJM,NC,2850-57681,Schaap ,R,N,M,CP,HKD,2022-07-05,118,118,118,91,91,91,Y,92.5,93,93,Y,16.6,,,,,,,Y,,NA,NA,NA,NA,green sharpie,Y,N,,N,,,,,,,,,,,,,,,,,,,,,,,,,,,,,,,,,,,,,,,,,,
IJM,NC,2850-57682,Schaap ,L?,N,F,BP,HKD,2022-07-05,118,118,118,77,77,77.5,Y,77,77.5,77.5,Y,18.46,,,,,,,Y,,NA,NA,NA,NA,green sharpie,Y,N,,N,,,,,,,,,,,,,,,,,,,,,,,,,,,,,,,,,,,,,,,,,,
IJM,NC,2850-57891,Schaap ,R,N,F,BP,APP,2022-07-05,116,116,116.5,75,75,74.5,Y,74,74.5,74,Y,17.06,,,,,,,Y,,NA,NA,NA,NA,,Y,N,,N,,,,,,,,,,,,,,,,,,,,,,,,,,,,,,,,,,,,,,,,,,
IJM,NC,2850-57892,Schaap ,R,N,F,BP,APP,2022-07-05,117.5,117,117,77,77.5,77,Y,78,78,78.5,Y,18.33,,,,,,,Y,,NA,NA,NA,NA,yellow sharpie,Y,N,,N,,,,,,,,,,,,,,,,,,,,,,,,,,,,,,,,,,,,,,,,,,
IJM,NC,2850-57893,Schaap ,R,N,F,BP,NC,2022-07-05,119.5,119.5,119.5,NA,NA,NA,N,NA,NA,NA,N,17.02,,,,,,,Y,both TS in points,NA,NA,NA,NA,,Y,N,,N,,,,,,,,,,,,,,,,,,,,,,,,,,,,,,,,,,,,,,,,,,
IJM,NC,2850-57894,Schaap ,R,N,F,BP,APP,2022-07-05,122,122,122,79.5,79.5,79.5,Y,79.5,79.5,80,Y,17.77,,,,,,,Y,,NA,NA,NA,NA,,Y,N,,N,,,,,,,,,,,,,,,,,,,,,,,,,,,,,,,,,,,,,,,,,,
IJM,NC,2850-57895,Schaap ,R,N,M,CP,NC,2022-07-05,115.5,115.5,116,82.5,82.5,82.5,Y,82,82,82,Y,16.41,,,,,,,Y,,NA,NA,NA,NA,green sharpie,Y,N,,N,,,,,,,,,,,,,,,,,,,,,,,,,,,,,,,,,,,,,,,,,,
IJM,NC,2870-65001,Schaap ,L,N,M,CP,RJS,2022-07-05,116,116,116,81,80.5,81,Y,81,81,81,Y,17.9,,,,,,,Y,,NA,NA,NA,NA,,Y,N,,N,,,,,,,,,,,,,,,,,,,,,,,,,,,,,,,,,,,,,,,,,,
IJM,NC,2870-65002,Schaap ,L,N,F,BP,RJS,2022-07-05,116,116,116,73,73.5,73,Y,71.5,72,72,Y,15.9,,,,,,,Y,"small, pale female",NA,NA,NA,NA,,Y,N,,N,,,,,,,,,,,,,,,,,,,,,,,,,,,,,,,,,,,,,,,,,,
IJM,HKD,2850-57641,Sol y Sombra,L,N,F,BP,ASF,2022-06-10,119,119,119,84,84.5,84.5,Y,83,83.5,84,Y,NA,,,,,,,Y,"no vent feather collected, and no mass taken. Bird looked stressed so we released her early",Lt Blue,White,NONE,R,,Y,N,,N,,2,old,2850-57642,2022-05-29,5,0,0,N,predated,,,,,,,,,,,,,,,,,,,,,,,,,,,,,,,,
IJM,HKD,2850-57642,Sol y Sombra,L,N,M,CP,HKD/ASF,2022-06-10,122,122,122,91,91.5,91,Y,91.5,91.5,91.5,Y,17.41,,,,,,,Y,,Purple,Purple,NONE,R,,Y,N,,N,,2,old,2850-57641,2022-05-29,5,0,0,N,predated,,,,,,,,,,,,,,,,,,,,,,,,,,,,,,,,
AS,HKD,2850-57698,Speedwell,R,N,F,BP,APP,2022-07-16,120.5,120.5,120,77.5,77.5,78,Y,78,78,78.5,Y,18,,,,,,,Y,metal band only,NA,NA,NA,NA,,Y,N,,N,,unknown,unknown,unknkown,unknown,unkown,unknown,unknown,unknown,unknown,likely 1st clutch in same nest as 2nd brood but not monitored until later in the season. Saw 4 fledglings flying around during adult captures,1,?,2850-57699,NA,4,4,4,Y,fledged,"only checked for hatch and fledge date, not full monitoring",,,,,,,,,,,,,,,,,,,,,
AS,HKD,2850-57699,Speedwell,R,N,M,CP,APP,2022-07-16,120.5,120.5,120.5,88.5,89,89,Y,NA,NA,NA,N,16.25,,,,,,,Y,"metal band only, RTS broken",NA,NA,NA,NA,,Y,N,,N,,unknown,unknown,unknkown,unknown,unkown,unknown,unknown,unknown,unknown,likely 1st clutch in same nest as 2nd brood but not monitored until later in the season. Saw 4 fledglings flying around during adult captures,1,?,2850-57698,NA,4,4,4,Y,fledged,"only checked for hatch and fledge date, not full monitoring",,,,,,,,,,,,,,,,,,,,,
AS,HKD,2850-57679,Starlight,R,N,M,CP,HKD,2022-07-03,119,119.5,119,88,88.5,88,Y,85.5,86,85.5,Y,19.52,,,,,,,Y,from nest further north on east side of barn. Metal band only,NA,NA,NA,NA,red sharpie,Y,N,,N,,,,,,,,,,,,,,,,,,,,,,,,,,,,,,,,,,,,,,,,,,
IJM,HKD,2850-57551,Struthers,L,Y,F,BP,APP,2022-06-01,120.5,120.5,120.5,78,78,78,Y,77.5,77.5,77.5,Y,19,,,,,,,Y,tape was still on so we didn't double check the band number; tattered right wing,Lt Green,Dk Green,Green,R,,Y,N,,N,,10,old,2850-57552,2022-05-11,5,5,5,Y,fledged,,20,old,2850-57552,2022-06-26,6,5,5,Y,fledged,one N found dead on day 18,,,,,,,,,,,,,,,,,,,,,
IJM,HKD,2850-57552,Struthers,L,Y,M,"TS, color",APP,2022-06-01,124.5,124,124,95.5,95.5,95.5,N,95,95,95,Y,17.6,,,,,,,Y,"bug in mouth, poked both sides for blood",Orange,Red,NONE,R,,Y,N,,N,,10,old,2850-57551,2022-05-11,5,5,5,Y,fledged,,20,old,2850-57551,2022-06-26,6,5,5,Y,fledged,one N found dead on day 18,,,,,,,,,,,,,,,,,,,,,
AS,NC,2850-57645,Struthers,R,N,F,BP,NC,2022-06-16,116,116,116.5,75,75,75,Y,76.5,76.5,76.5,Y,19.03,,,,,,,Y,caught in shed off nest #22,Yellow,Pink,NONE,L,no tape added,Y,N,,N,,22,new?,2850-57674,2022-06-10,5,0,0,N,unhatched,,3,old,2850-57674,2022-07-31,4,4,4,Y,fledged,,,,,,,,,,,,,,,,,,,,,,caught in shed off nest #22
AS,NC,2850-57674,Struthers,R,N,M,CP,IJM,2022-06-30,120,120,120,87.5,87.5,87.5,Y,87.5,87.5,87.5,Y,17.49,,,,,,,Y,caught in horse shed with playback,Dk Blue,Dk Blue,NONE,L,,Y,N,,N,,22,new? ,2850-57645,2022-06-10,5,0,0,N ,unhatched,,3,old,2850-57645,2022-07-31,4,4,4,Y ,fledged,,,,,,,,,,,,,,,,,,,,,,caught in horse shed with playback
AS,NC,2850-57683,Struthers,L,N,F,BP,HKD,2022-07-07,119,119,118.5,NA,NA,NA,N,74.5,74.5,74.5,Y,17.66,,,,,,,Y,"LTS very short and regrowing; her claw poked heather's finger and made her bleed, caught in round shed",Lt Green,Orange,NONE,R,,Y,N,,N,,23,new,2850-57684,2022-07-03,4,0,0,N,unhatched,,,,,,,,,,,,,,,,,,,,,,,,,,,,,,,,caught in round shed
AS,NC,2850-57684,Struthers,R,N,M,CP,HKD,2022-07-07,119,119.5,119.5,NA,NA,NA,N,83,83,83,Y,17.64,,,,,,,Y,"LTS regrowing; 8th and 9th primary on L wing broken at tip -some 2 also regrowing, caught in round shed ",Yellow,Black,NONE,L,,Y,N,,N,,23,new,2850-57683,2022-07-03,4,0,0,N,unhatched,,,,,,,,,,,,,,,,,,,,,,,,,,,,,,,,caught in round shed
AS,NC,2850-57608,Urban Farm Girlz,L,Y,F,brooding ,HKD,NA,NA,NA,NA,NA,NA,NA,NA,NA,NA,NA,NA,NA,,,,,,,N,never caught in 2022 but most likely recap from 2021 so confident on band #,Red,Pink,NONE,R,,N ,N,,N,,2,old,2850-57899,2022-05-20,4,3,3,Y,fledged,,,,,,,,,,,,,,,,,,,,,,,,,,,,,,,,never caught in 2022 but most likely recap from 2021 so confident on band #
AS,NC,2850-57899,Urban Farm Girlz,R,N,M,"CP, color",APP,2022-06-01,119,119,119,83,83,83,Y,83,83,83,Y,NA,,,,,,,N,6/1/22 released without weight and feathers because bird was stressed and it was cold,White,Lt Blue,Green,L,,Y,N,,N,,2,old,2850-57608,2022-05-20,4,3,3,Y,fledged,,,,,,,,,,,,,,,,,,,,,,,,,,,,,,,,
AS,NC,2850-57629,Urban Farm Girlz,R,Y,F,BP,HKD,2022-06-20,117,117,117,79,79,79,Y,NA,NA,NA,N,19.02,,,,,,,Y,"RTS broken and short; missing tip of one of left toes; caught off of nest #8, was incubating",Dk Green,Yellow,NONE,L,,Y,N,,N,,8,new,2850-57868,2022-06-11,4,3,3,Y,fledged,,8.2,old,2850-57868,2022-07-26,5,4,4,Y ,fledged,,,,,,,,,,,,,,,,,,,,,,"caught off nest 8, was incubating"
AS,NC,2850-57868,Urban Farm Girlz,L,N,M,CP,APP,2022-06-01,120,120,120,91,91.5,91,Y,90,90,91,Y,19,,,,,,,Y,feathers not recorded initially,Red,Black,Yellow,R,,Y,N,,N,,8,new,2850-57629,2022-06-11,4,3,3,Y,fledged,,8.2,old,2850-57629,2022-07-26,5,4,4,Y ,fledged,,,,,,,,,,,,,,,,,,,,,,
